<?xml version="1.0" encoding="UTF-8"?>
<Structure xmlns="http://www.SDMX.org/resources/SDMXML/schemas/v2_0/message" xmlns:common="http://www.SDMX.org/resources/SDMXML/schemas/v2_0/common" xmlns:compact="http://www.SDMX.org/resources/SDMXML/schemas/v2_0/compact" xmlns:cross="http://www.SDMX.org/resources/SDMXML/schemas/v2_0/cross" xmlns:generic="http://www.SDMX.org/resources/SDMXML/schemas/v2_0/generic" xmlns:query="http://www.SDMX.org/resources/SDMXML/schemas/v2_0/query" xmlns:structure="http://www.SDMX.org/resources/SDMXML/schemas/v2_0/structure" xmlns:utility="http://www.SDMX.org/resources/SDMXML/schemas/v2_0/utility" xmlns:xsi="http://www.w3.org/2001/XMLSchema-instance" xsi:schemaLocation="http://www.SDMX.org/resources/SDMXML/schemas/v2_0/message SDMXMessage.xsd">
<Header>
<ID>apro_cpp_crop_DSD</ID>
<Test>false</Test>
<Truncated>false</Truncated>
<Name xml:lang="en">apro_cpp_crop_DSD</Name>
<Prepared>2011-10-03T14:13:35</Prepared>
<Sender id="EUROSTAT">
<Name xml:lang="en">EUROSTAT</Name>
</Sender>
<Receiver id="XML">
<Name xml:lang="en">XML File</Name>
</Receiver>
</Header>

<CodeLists>
<structure:CodeList id="CL_CROP_PRO" agencyID="EUROSTAT" isFinal="false">
<structure:Name xml:lang="en">Crop production</structure:Name>
<structure:Name xml:lang="de">Pflanzliche Erzeugung</structure:Name>
<structure:Name xml:lang="fr">Production végétale</structure:Name>
<structure:Code value="C1040">
<structure:Description xml:lang="en">Cereals (including rice)</structure:Description>
<structure:Description xml:lang="de">Getreide (einschließlich Reis)</structure:Description>
<structure:Description xml:lang="fr">Céréales (y compris riz)</structure:Description>
</structure:Code>
<structure:Code value="C1050">
<structure:Description xml:lang="en">Cereals (excluding rice)</structure:Description>
<structure:Description xml:lang="de">Getreide (ohne Reis)</structure:Description>
<structure:Description xml:lang="fr">Céréales (sans riz)</structure:Description>
</structure:Code>
<structure:Code value="C1100">
<structure:Description xml:lang="en">Wheat</structure:Description>
<structure:Description xml:lang="de">Weizen</structure:Description>
<structure:Description xml:lang="fr">Blé</structure:Description>
</structure:Code>
<structure:Code value="C1120">
<structure:Description xml:lang="en">Common wheat and spelt</structure:Description>
<structure:Description xml:lang="de">Weichweizen und Spelz</structure:Description>
<structure:Description xml:lang="fr">Blé tendre et épeautre</structure:Description>
</structure:Code>
<structure:Code value="C1123">
<structure:Description xml:lang="en">Common winter wheat</structure:Description>
<structure:Description xml:lang="de">Winterweichweizen</structure:Description>
<structure:Description xml:lang="fr">Blé tendre d'hiver</structure:Description>
</structure:Code>
<structure:Code value="C1124">
<structure:Description xml:lang="en">Common spring wheat</structure:Description>
<structure:Description xml:lang="de">Sommerweichweizen</structure:Description>
<structure:Description xml:lang="fr">Blé tendre de printemps</structure:Description>
</structure:Code>
<structure:Code value="C1130">
<structure:Description xml:lang="en">Durum wheat</structure:Description>
<structure:Description xml:lang="de">Hartweizen</structure:Description>
<structure:Description xml:lang="fr">Blé dur</structure:Description>
</structure:Code>
<structure:Code value="C1133">
<structure:Description xml:lang="en">Winter durum wheat</structure:Description>
<structure:Description xml:lang="de">Winterhartweizen</structure:Description>
<structure:Description xml:lang="fr">Blé dur d'hiver</structure:Description>
</structure:Code>
<structure:Code value="C1134">
<structure:Description xml:lang="en">Spring durum wheat</structure:Description>
<structure:Description xml:lang="de">Sommerhartweizen</structure:Description>
<structure:Description xml:lang="fr">Blé dur de printemps</structure:Description>
</structure:Code>
<structure:Code value="C1140">
<structure:Description xml:lang="en">Rye and maslin</structure:Description>
<structure:Description xml:lang="de">Roggen und Wintermenggetreide</structure:Description>
<structure:Description xml:lang="fr">Seigle et méteil</structure:Description>
</structure:Code>
<structure:Code value="C1150">
<structure:Description xml:lang="en">Rye</structure:Description>
<structure:Description xml:lang="de">Roggen</structure:Description>
<structure:Description xml:lang="fr">Seigle</structure:Description>
</structure:Code>
<structure:Code value="C1151">
<structure:Description xml:lang="en">Winter rye</structure:Description>
<structure:Description xml:lang="de">Winterroggen</structure:Description>
<structure:Description xml:lang="fr">Seigle d'hiver</structure:Description>
</structure:Code>
<structure:Code value="C1152">
<structure:Description xml:lang="en">Spring rye</structure:Description>
<structure:Description xml:lang="de">Sommerroggen</structure:Description>
<structure:Description xml:lang="fr">Seigle de printemps</structure:Description>
</structure:Code>
<structure:Code value="C1155">
<structure:Description xml:lang="en">Maslin</structure:Description>
<structure:Description xml:lang="de">Wintermenggetreide</structure:Description>
<structure:Description xml:lang="fr">Méteil</structure:Description>
</structure:Code>
<structure:Code value="C1160">
<structure:Description xml:lang="en">Barley</structure:Description>
<structure:Description xml:lang="de">Gerste</structure:Description>
<structure:Description xml:lang="fr">Orge</structure:Description>
</structure:Code>
<structure:Code value="C1163">
<structure:Description xml:lang="en">Winter barley</structure:Description>
<structure:Description xml:lang="de">Wintergerste</structure:Description>
<structure:Description xml:lang="fr">Orge d'hiver</structure:Description>
</structure:Code>
<structure:Code value="C1164">
<structure:Description xml:lang="en">Spring barley</structure:Description>
<structure:Description xml:lang="de">Sommergerste</structure:Description>
<structure:Description xml:lang="fr">Orge de printemps</structure:Description>
</structure:Code>
<structure:Code value="C1170">
<structure:Description xml:lang="en">Oats and mixed grain other than maslin</structure:Description>
<structure:Description xml:lang="de">Hafer und Sommermenggetreide</structure:Description>
<structure:Description xml:lang="fr">Avoine et mélange de céréales d'été</structure:Description>
</structure:Code>
<structure:Code value="C1180">
<structure:Description xml:lang="en">Oats</structure:Description>
<structure:Description xml:lang="de">Hafer</structure:Description>
<structure:Description xml:lang="fr">Avoine</structure:Description>
</structure:Code>
<structure:Code value="C1185">
<structure:Description xml:lang="en">Mixed grain other than maslin</structure:Description>
<structure:Description xml:lang="de">Sommermenggetreide</structure:Description>
<structure:Description xml:lang="fr">Mélanges de céréales d'été</structure:Description>
</structure:Code>
<structure:Code value="C1200">
<structure:Description xml:lang="en">Grain maize</structure:Description>
<structure:Description xml:lang="de">Körnermais</structure:Description>
<structure:Description xml:lang="fr">Maïs-grain</structure:Description>
</structure:Code>
<structure:Code value="C1201">
<structure:Description xml:lang="en">Grain maize and corn cob mix</structure:Description>
<structure:Description xml:lang="de">Körnermais und Corn-Cob-Mix</structure:Description>
<structure:Description xml:lang="fr">Maïs-grain et corn-cob-mix</structure:Description>
</structure:Code>
<structure:Code value="C1211">
<structure:Description xml:lang="en">Sorghum</structure:Description>
<structure:Description xml:lang="de">Sorghum</structure:Description>
<structure:Description xml:lang="fr">Sorgho</structure:Description>
</structure:Code>
<structure:Code value="C1212">
<structure:Description xml:lang="en">Triticale</structure:Description>
<structure:Description xml:lang="de">Triticale</structure:Description>
<structure:Description xml:lang="fr">Triticale</structure:Description>
</structure:Code>
<structure:Code value="C1213">
<structure:Description xml:lang="en">Winter triticale</structure:Description>
<structure:Description xml:lang="de">Wintertriticale</structure:Description>
<structure:Description xml:lang="fr">Triticale d'hiver</structure:Description>
</structure:Code>
<structure:Code value="C1219">
<structure:Description xml:lang="en">Buckwheat, millet, canary seed (other cereals)</structure:Description>
<structure:Description xml:lang="de">Hirse, Buchweizen, Kanariensaat (sonstige Getreide)</structure:Description>
<structure:Description xml:lang="fr">Autres céréales (Sarrasin, millet, alpiste)</structure:Description>
</structure:Code>
<structure:Code value="C1250">
<structure:Description xml:lang="en">Rice</structure:Description>
<structure:Description xml:lang="de">Reis</structure:Description>
<structure:Description xml:lang="fr">Riz</structure:Description>
</structure:Code>
<structure:Code value="C1300">
<structure:Description xml:lang="en">Dried pulses, in grain equivalent</structure:Description>
<structure:Description xml:lang="de">Hülsenfrüchte</structure:Description>
<structure:Description xml:lang="fr">Légumes secs, en grains</structure:Description>
</structure:Code>
<structure:Code value="C1310">
<structure:Description xml:lang="en">Peas</structure:Description>
<structure:Description xml:lang="de">Erbsen</structure:Description>
<structure:Description xml:lang="fr">Pois secs</structure:Description>
</structure:Code>
<structure:Code value="C1311">
<structure:Description xml:lang="en">Peas other than field peas (including chick peas)</structure:Description>
<structure:Description xml:lang="de">Andere Erbsen als Futtererbsen (einschließlich Kichererbsen)</structure:Description>
<structure:Description xml:lang="fr">Pois secs autres que fourragers (y compris les pois chiches)</structure:Description>
</structure:Code>
<structure:Code value="C1320">
<structure:Description xml:lang="en">Field peas</structure:Description>
<structure:Description xml:lang="de">Futtererbsen</structure:Description>
<structure:Description xml:lang="fr">Pois secs fourragers</structure:Description>
</structure:Code>
<structure:Code value="C1330">
<structure:Description xml:lang="en">Beans, broad, fields beans</structure:Description>
<structure:Description xml:lang="de">Bohnen, Puff- und Ackerbohnen</structure:Description>
<structure:Description xml:lang="fr">Haricots, fèves, fèveroles</structure:Description>
</structure:Code>
<structure:Code value="C1331">
<structure:Description xml:lang="en">Kidney beans</structure:Description>
<structure:Description xml:lang="de">Speisebohnen</structure:Description>
<structure:Description xml:lang="fr">Haricots secs</structure:Description>
</structure:Code>
<structure:Code value="C1335">
<structure:Description xml:lang="en">Broad and field beans - Total</structure:Description>
<structure:Description xml:lang="de">Puff- und Ackerbohnen - Insgesamt</structure:Description>
<structure:Description xml:lang="fr">Fèves et fèveroles - Total</structure:Description>
</structure:Code>
<structure:Code value="C1338">
<structure:Description xml:lang="en">Broad and field beans - Human consumption</structure:Description>
<structure:Description xml:lang="de">Puff- und Ackerbohnen - Nahrungsverbrauch</structure:Description>
<structure:Description xml:lang="fr">Fèves et fèveroles - Pour la consommation humaine</structure:Description>
</structure:Code>
<structure:Code value="C1340">
<structure:Description xml:lang="en">Other dried pulses</structure:Description>
<structure:Description xml:lang="de">Übrige Hülsenfrüchte</structure:Description>
<structure:Description xml:lang="fr">Autres légumes secs</structure:Description>
</structure:Code>
<structure:Code value="C1341">
<structure:Description xml:lang="en">Lentils</structure:Description>
<structure:Description xml:lang="de">Linsen</structure:Description>
<structure:Description xml:lang="fr">Lentilles</structure:Description>
</structure:Code>
<structure:Code value="C1342">
<structure:Description xml:lang="en">Vetches</structure:Description>
<structure:Description xml:lang="de">Wicken</structure:Description>
<structure:Description xml:lang="fr">Vesces</structure:Description>
</structure:Code>
<structure:Code value="C1343">
<structure:Description xml:lang="en">Lupins</structure:Description>
<structure:Description xml:lang="de">Lupinen</structure:Description>
<structure:Description xml:lang="fr">Lupins</structure:Description>
</structure:Code>
<structure:Code value="C1349">
<structure:Description xml:lang="en">Other dried pulses (lathyrus, etc...)</structure:Description>
<structure:Description xml:lang="de">Andere Hülsenfrüchte (Lathyrus, usw...)</structure:Description>
<structure:Description xml:lang="fr">Autres légumes secs n.d.a. (lathyrus, etc...)</structure:Description>
</structure:Code>
<structure:Code value="C1350">
<structure:Description xml:lang="en">Root crops</structure:Description>
<structure:Description xml:lang="de">Hackfrüchte</structure:Description>
<structure:Description xml:lang="fr">Plantes sarclées</structure:Description>
</structure:Code>
<structure:Code value="C1360">
<structure:Description xml:lang="en">Potatoes</structure:Description>
<structure:Description xml:lang="de">Kartoffeln</structure:Description>
<structure:Description xml:lang="fr">Pommes de terre</structure:Description>
</structure:Code>
<structure:Code value="C1362">
<structure:Description xml:lang="en">Early potatoes</structure:Description>
<structure:Description xml:lang="de">Frühkartoffeln</structure:Description>
<structure:Description xml:lang="fr">Pommes de terre hâtives</structure:Description>
</structure:Code>
<structure:Code value="C1363">
<structure:Description xml:lang="en">Other potatoes</structure:Description>
<structure:Description xml:lang="de">Übrige Kartoffeln</structure:Description>
<structure:Description xml:lang="fr">Autres pommes de terre</structure:Description>
</structure:Code>
<structure:Code value="C1370">
<structure:Description xml:lang="en">Sugar beet</structure:Description>
<structure:Description xml:lang="de">Zuckerrüben</structure:Description>
<structure:Description xml:lang="fr">Betteraves sucrières</structure:Description>
</structure:Code>
<structure:Code value="C1381">
<structure:Description xml:lang="en">Fodder beet</structure:Description>
<structure:Description xml:lang="de">Futterrüben</structure:Description>
<structure:Description xml:lang="fr">Betteraves fourragères</structure:Description>
</structure:Code>
<structure:Code value="C1382">
<structure:Description xml:lang="en">Other root crops</structure:Description>
<structure:Description xml:lang="de">Übrige Hackfrüchte</structure:Description>
<structure:Description xml:lang="fr">Autres plantes sarclées</structure:Description>
</structure:Code>
<structure:Code value="C1383">
<structure:Description xml:lang="en">Fodder kale</structure:Description>
<structure:Description xml:lang="de">Futterkohl</structure:Description>
<structure:Description xml:lang="fr">Choux fourragers</structure:Description>
</structure:Code>
<structure:Code value="C1384">
<structure:Description xml:lang="en">Swedes</structure:Description>
<structure:Description xml:lang="de">Kohlrüben</structure:Description>
<structure:Description xml:lang="fr">Rutabagas</structure:Description>
</structure:Code>
<structure:Code value="C1385">
<structure:Description xml:lang="en">Carrots for stockfeeding</structure:Description>
<structure:Description xml:lang="de">Futtermöhren</structure:Description>
<structure:Description xml:lang="fr">Carottes fourragères</structure:Description>
</structure:Code>
<structure:Code value="C1386">
<structure:Description xml:lang="en">Turnips for stockfeeding</structure:Description>
<structure:Description xml:lang="de">Wasserrüben</structure:Description>
<structure:Description xml:lang="fr">Navets</structure:Description>
</structure:Code>
<structure:Code value="C1390">
<structure:Description xml:lang="en">Other root crops (topinambour, sweet potatoes, fodder parsnips, yams, cassava, etc...)</structure:Description>
<structure:Description xml:lang="de">Übrige Hackfrüchte (Topinambur, Süßkartoffel, Futterpastinak, Yamswurzel, Tapioka, usw.)</structure:Description>
<structure:Description xml:lang="fr">Autres plantes sarclées n.d.a. (topinambour, patate douce, panais fourrager, igname, manioc, etc...)</structure:Description>
</structure:Code>
<structure:Code value="C1400">
<structure:Description xml:lang="en">Industrial crops</structure:Description>
<structure:Description xml:lang="de">Handelsgewächse</structure:Description>
<structure:Description xml:lang="fr">Plantes industrielles</structure:Description>
</structure:Code>
<structure:Code value="C1410">
<structure:Description xml:lang="en">Oilseeds</structure:Description>
<structure:Description xml:lang="de">Ölsaaten</structure:Description>
<structure:Description xml:lang="fr">Plantes oléagineuses</structure:Description>
</structure:Code>
<structure:Code value="C1420">
<structure:Description xml:lang="en">Rape - turnip rape</structure:Description>
<structure:Description xml:lang="de">Raps - Rübsen</structure:Description>
<structure:Description xml:lang="fr">Colza - navette</structure:Description>
</structure:Code>
<structure:Code value="C1430">
<structure:Description xml:lang="en">Rape</structure:Description>
<structure:Description xml:lang="de">Raps</structure:Description>
<structure:Description xml:lang="fr">Colza</structure:Description>
</structure:Code>
<structure:Code value="C1431">
<structure:Description xml:lang="en">Winter rape</structure:Description>
<structure:Description xml:lang="de">Winterraps</structure:Description>
<structure:Description xml:lang="fr">Colza d'hiver</structure:Description>
</structure:Code>
<structure:Code value="C1432">
<structure:Description xml:lang="en">Spring rape</structure:Description>
<structure:Description xml:lang="de">Sommerraps</structure:Description>
<structure:Description xml:lang="fr">Colza de printemps</structure:Description>
</structure:Code>
<structure:Code value="C1440">
<structure:Description xml:lang="en">Turnip rape</structure:Description>
<structure:Description xml:lang="de">Rübsen</structure:Description>
<structure:Description xml:lang="fr">Navette</structure:Description>
</structure:Code>
<structure:Code value="C1450">
<structure:Description xml:lang="en">Sunflower seed</structure:Description>
<structure:Description xml:lang="de">Sonnenblumen</structure:Description>
<structure:Description xml:lang="fr">Tournesol</structure:Description>
</structure:Code>
<structure:Code value="C1460">
<structure:Description xml:lang="en">Oil flax</structure:Description>
<structure:Description xml:lang="de">Flachs</structure:Description>
<structure:Description xml:lang="fr">Lin</structure:Description>
</structure:Code>
<structure:Code value="C1470">
<structure:Description xml:lang="en">Soya bean</structure:Description>
<structure:Description xml:lang="de">Soja</structure:Description>
<structure:Description xml:lang="fr">Soja</structure:Description>
</structure:Code>
<structure:Code value="C1480">
<structure:Description xml:lang="en">Other oil seeds (poppy, mustard, sunfflower, cotton, earth almond, sesame, groundnut, etc...)</structure:Description>
<structure:Description xml:lang="de">Übrige Ölsaaten (Mohn, Senf, Saflor, Baumwolle, Erdmandel, Sesam, Erdnuß, usw.)</structure:Description>
<structure:Description xml:lang="fr">Autres plantes oléagineuses n.d.a. (oeillette, moutarde, carthame, coton, amande de terre, sésame, arachide, etc...)</structure:Description>
</structure:Code>
<structure:Code value="C1490">
<structure:Description xml:lang="en">Cotton seed</structure:Description>
<structure:Description xml:lang="de">Baumwollsaat</structure:Description>
<structure:Description xml:lang="fr">Graines de coton</structure:Description>
</structure:Code>
<structure:Code value="C1500">
<structure:Description xml:lang="en">Textile crops</structure:Description>
<structure:Description xml:lang="de">Textilpflanzen</structure:Description>
<structure:Description xml:lang="fr">Plantes textiles</structure:Description>
</structure:Code>
<structure:Code value="C1510">
<structure:Description xml:lang="en">Other fibre crops</structure:Description>
<structure:Description xml:lang="de">Übrige Faserpflanzen</structure:Description>
<structure:Description xml:lang="fr">Autres plantes à fibre</structure:Description>
</structure:Code>
<structure:Code value="C1520">
<structure:Description xml:lang="en">Flax (straw)</structure:Description>
<structure:Description xml:lang="de">Flachs (Stroh)</structure:Description>
<structure:Description xml:lang="fr">Lin (paille)</structure:Description>
</structure:Code>
<structure:Code value="C1530">
<structure:Description xml:lang="en">Hemp (straw)</structure:Description>
<structure:Description xml:lang="de">Hanf (Stroh)</structure:Description>
<structure:Description xml:lang="fr">Chanvre (paille)</structure:Description>
</structure:Code>
<structure:Code value="C1540">
<structure:Description xml:lang="en">Cotton (deseeded)</structure:Description>
<structure:Description xml:lang="de">Baumwolle (egreniert)</structure:Description>
<structure:Description xml:lang="fr">Coton égréné (fibre)</structure:Description>
</structure:Code>
<structure:Code value="C1550">
<structure:Description xml:lang="en">Tobacco raw (including seedlings enclosures)</structure:Description>
<structure:Description xml:lang="de">Tabak, roh (einschließlich Baumschulen)</structure:Description>
<structure:Description xml:lang="fr">Tabac brut (y compris pépinières)</structure:Description>
</structure:Code>
<structure:Code value="C1560">
<structure:Description xml:lang="en">Hops</structure:Description>
<structure:Description xml:lang="de">Hopfen</structure:Description>
<structure:Description xml:lang="fr">Houblon</structure:Description>
</structure:Code>
<structure:Code value="C1570">
<structure:Description xml:lang="en">Other industrial crops</structure:Description>
<structure:Description xml:lang="de">Übrige Handelsgewächse</structure:Description>
<structure:Description xml:lang="fr">Autres plantes industrielles</structure:Description>
</structure:Code>
<structure:Code value="C1571">
<structure:Description xml:lang="en">Chicorey</structure:Description>
<structure:Description xml:lang="de">Zichorien</structure:Description>
<structure:Description xml:lang="fr">Chicorée à café</structure:Description>
</structure:Code>
<structure:Code value="C1572">
<structure:Description xml:lang="en">Chicory for inulin</structure:Description>
<structure:Description xml:lang="de">Zichorien für Inulin</structure:Description>
<structure:Description xml:lang="fr">Chicorée à inuline</structure:Description>
</structure:Code>
<structure:Code value="C1580">
<structure:Description xml:lang="en">Officinal herbs, aromatic plants, plants for seasoning (thyme, etc. .... )</structure:Description>
<structure:Description xml:lang="de">Heil-, Gewürz- und Duftpflanzen (Thymian, usw. .... )</structure:Description>
<structure:Description xml:lang="fr">Plantes médicinales, aromatiques et condimentaires (thym, cumin, etc. ... )</structure:Description>
</structure:Code>
<structure:Code value="C1582">
<structure:Description xml:lang="en">Caraway</structure:Description>
<structure:Description xml:lang="de">Kümmel</structure:Description>
<structure:Description xml:lang="fr">Cumin</structure:Description>
</structure:Code>
<structure:Code value="C1589">
<structure:Description xml:lang="en">Industrial crops (rye-straw, fullers teasel, lavender, (hybrid lavender, etc...)</structure:Description>
<structure:Description xml:lang="de">Übrige Handelsgewächse (Roggen für Handelszwecke, Kardendistel, Lavendel, usw...)</structure:Description>
<structure:Description xml:lang="fr">Plantes industrielles (seigle à usage industriel, cardère à foulon, lavande, lavandin, etc...)</structure:Description>
</structure:Code>
<structure:Code value="C2600">
<structure:Description xml:lang="en">Fodder - Total</structure:Description>
<structure:Description xml:lang="de">Futter - Insgesamt</structure:Description>
<structure:Description xml:lang="fr">Fourrages - Total</structure:Description>
</structure:Code>
<structure:Code value="C2610">
<structure:Description xml:lang="en">Fodder from arable land</structure:Description>
<structure:Description xml:lang="de">Feldfutterbau</structure:Description>
<structure:Description xml:lang="fr">Fourrages des terres arables</structure:Description>
</structure:Code>
<structure:Code value="C2611">
<structure:Description xml:lang="en">Annual green fodder</structure:Description>
<structure:Description xml:lang="de">Einjähriger Futterbau</structure:Description>
<structure:Description xml:lang="fr">Fourrages verts annuels</structure:Description>
</structure:Code>
<structure:Code value="C2612">
<structure:Description xml:lang="en">Other annual green fodder</structure:Description>
<structure:Description xml:lang="de">Sonstiger einjähriger Futterbau</structure:Description>
<structure:Description xml:lang="fr">Autres fourrages verts annuels</structure:Description>
</structure:Code>
<structure:Code value="C2625">
<structure:Description xml:lang="en">Green maize</structure:Description>
<structure:Description xml:lang="de">Grünmais</structure:Description>
<structure:Description xml:lang="fr">Maïs fourrager</structure:Description>
</structure:Code>
<structure:Code value="C2670">
<structure:Description xml:lang="en">Perennial green fodder</structure:Description>
<structure:Description xml:lang="de">Mehrjähriger Grünfutterbau</structure:Description>
<structure:Description xml:lang="fr">Fourrages pluriannuels</structure:Description>
</structure:Code>
<structure:Code value="C2671">
<structure:Description xml:lang="en">Clover and mixtures</structure:Description>
<structure:Description xml:lang="de">Klee- und Kleegemüse</structure:Description>
<structure:Description xml:lang="fr">Trèfle et mélanges</structure:Description>
</structure:Code>
<structure:Code value="C2672">
<structure:Description xml:lang="en">Lucerne</structure:Description>
<structure:Description xml:lang="de">Luzerne</structure:Description>
<structure:Description xml:lang="fr">Luzerne</structure:Description>
</structure:Code>
<structure:Code value="C2673">
<structure:Description xml:lang="en">Other legumes (sainfoin, sweet clover)</structure:Description>
<structure:Description xml:lang="de">Anderer mehrjähriger Grünfutteranbau (Süßklee, Hornklee)</structure:Description>
<structure:Description xml:lang="fr">Autres fourrages pluriannuels (sainfoin, lotier)</structure:Description>
</structure:Code>
<structure:Code value="C2680">
<structure:Description xml:lang="en">Temporary grasses and grazings</structure:Description>
<structure:Description xml:lang="de">Ackerwiesen -und Weiden</structure:Description>
<structure:Description xml:lang="fr">Prairies et pâturages temporaires</structure:Description>
</structure:Code>
<structure:Code value="C2681">
<structure:Description xml:lang="en">Temporary grasses</structure:Description>
<structure:Description xml:lang="de">Ackerwiesen</structure:Description>
<structure:Description xml:lang="fr">Prairies temporaires</structure:Description>
</structure:Code>
<structure:Code value="C2682">
<structure:Description xml:lang="en">Temporary grazings</structure:Description>
<structure:Description xml:lang="de">Ackerweiden</structure:Description>
<structure:Description xml:lang="fr">Pâturages temporaires</structure:Description>
</structure:Code>
<structure:Code value="C2710">
<structure:Description xml:lang="en">Permanent meadows</structure:Description>
<structure:Description xml:lang="de">Dauerwiesen</structure:Description>
<structure:Description xml:lang="fr">Prairies permanentes</structure:Description>
</structure:Code>
<structure:Code value="C2720">
<structure:Description xml:lang="en">Permanent pasture</structure:Description>
<structure:Description xml:lang="de">Dauerweiden</structure:Description>
<structure:Description xml:lang="fr">Pâturages permanents</structure:Description>
</structure:Code>
<structure:Code value="C2721">
<structure:Description xml:lang="en">Grassland</structure:Description>
<structure:Description xml:lang="de">Weiden mit Almen</structure:Description>
<structure:Description xml:lang="fr">Herbages</structure:Description>
</structure:Code>
<structure:Code value="C2722">
<structure:Description xml:lang="en">Common pasture, heathland, rough grazings</structure:Description>
<structure:Description xml:lang="de">Hutungen, Streuwiesen</structure:Description>
<structure:Description xml:lang="fr">Parcours, landes, alpages</structure:Description>
</structure:Code>
<structure:Code value="C2971">
<structure:Description xml:lang="en">Carobs</structure:Description>
<structure:Description xml:lang="de">Johannisbrot</structure:Description>
<structure:Description xml:lang="fr">Caroubes</structure:Description>
</structure:Code>
<structure:Code value="C2980">
<structure:Description xml:lang="en">Other permanent crops n.e.s. (carob-tree, mulberry-tree, tea, coffee, etc...)</structure:Description>
<structure:Description xml:lang="de">Übrige Dauerkulturen a.n.g. (Johannisbrotbaum, Maulbeerbaum, Tee, Kaffee, usw...)</structure:Description>
<structure:Description xml:lang="fr">Autres produits des cultures permanentes n.d.a. (caroubier, mûrier, thé, café, etc...)</structure:Description>
</structure:Code>
<structure:Code value="C0002">
<structure:Description xml:lang="en">Total of permanent grassland (pastures and meadows)</structure:Description>
<structure:Description xml:lang="de">Dauergrünland insgesamt (Wiesen und Weiden)</structure:Description>
<structure:Description xml:lang="fr">Superficie totale des prairies et pâturages permanents</structure:Description>
</structure:Code>
</structure:CodeList>
<structure:CodeList id="CL_STRUCPRO" agencyID="EUROSTAT" isFinal="false">
<structure:Name xml:lang="en">Structure of production</structure:Name>
<structure:Name xml:lang="de">Produktionsstruktur</structure:Name>
<structure:Name xml:lang="fr">Structure de production</structure:Name>
<structure:Code value="AR">
<structure:Description xml:lang="en">Area of production (1000 ha)</structure:Description>
<structure:Description xml:lang="de">Produktionsfläche (1000 ha)</structure:Description>
<structure:Description xml:lang="fr">Superficie de production (1000 ha)</structure:Description>
</structure:Code>
<structure:Code value="PR">
<structure:Description xml:lang="en">Harvested production (1000 t)</structure:Description>
<structure:Description xml:lang="de">Ernteerzeugung (1000 t)</structure:Description>
<structure:Description xml:lang="fr">Production récoltée (1000 t)</structure:Description>
</structure:Code>
<structure:Code value="YI">
<structure:Description xml:lang="en">Yields (100 kg/ha)</structure:Description>
<structure:Description xml:lang="de">Erträge (100 kg/ha)</structure:Description>
<structure:Description xml:lang="fr">Rendements (100 kg/ha)</structure:Description>
</structure:Code>
</structure:CodeList>
<structure:CodeList id="CL_GEO" agencyID="EUROSTAT" isFinal="false">
<structure:Name xml:lang="en">Geopolitical entity (declaring)</structure:Name>
<structure:Name xml:lang="de">Geopolitische Meldeeinheit</structure:Name>
<structure:Name xml:lang="fr">Entité géopolitique (déclarante)</structure:Name>
<structure:Code value="EU27">
<structure:Description xml:lang="en">European Union (27 countries)</structure:Description>
<structure:Description xml:lang="de">Europäische Union (27 Länder)</structure:Description>
<structure:Description xml:lang="fr">Union européenne (27 pays)</structure:Description>
</structure:Code>
<structure:Code value="EU25">
<structure:Description xml:lang="en">European Union (25 countries)</structure:Description>
<structure:Description xml:lang="de">Europäische Union (25 Länder)</structure:Description>
<structure:Description xml:lang="fr">Union européenne (25 pays)</structure:Description>
</structure:Code>
<structure:Code value="EU15">
<structure:Description xml:lang="en">European Union (15 countries)</structure:Description>
<structure:Description xml:lang="de">Europäische Union (15 Länder)</structure:Description>
<structure:Description xml:lang="fr">Union européenne (15 pays)</structure:Description>
</structure:Code>
<structure:Code value="EU12">
<structure:Description xml:lang="en">European Community (12 countries)</structure:Description>
<structure:Description xml:lang="de">Europäische Gemeinschaft (12 Länder)</structure:Description>
<structure:Description xml:lang="fr">Communauté européenne (12 pays)</structure:Description>
</structure:Code>
<structure:Code value="EU10">
<structure:Description xml:lang="en">European Community (10 countries)</structure:Description>
<structure:Description xml:lang="de">Europäische Gemeinschaft (10 Länder)</structure:Description>
<structure:Description xml:lang="fr">Communauté européenne (10 pays)</structure:Description>
</structure:Code>
<structure:Code value="EU9">
<structure:Description xml:lang="en">European Community (9 countries)</structure:Description>
<structure:Description xml:lang="de">Europäische Gemeinschaft (9 Länder)</structure:Description>
<structure:Description xml:lang="fr">Communauté européenne (9 pays)</structure:Description>
</structure:Code>
<structure:Code value="EA">
<structure:Description xml:lang="en">Euro area (EA11-2000, EA12-2006, EA13-2007, EA15-2008, EA16-2010, EA17)</structure:Description>
<structure:Description xml:lang="de">Euroraum (EA11-2000, EA12-2006, EA13-2007, EA15-2008, EA16-2010, EA17)</structure:Description>
<structure:Description xml:lang="fr">Zone euro (EA11-2000, EA12-2006, EA13-2007, EA15-2008, EA16-2010, EA17)</structure:Description>
</structure:Code>
<structure:Code value="EA12">
<structure:Description xml:lang="en">Euro area (12 countries)</structure:Description>
<structure:Description xml:lang="de">Euroraum (12 Länder)</structure:Description>
<structure:Description xml:lang="fr">Zone euro (12 pays)</structure:Description>
</structure:Code>
<structure:Code value="BE">
<structure:Description xml:lang="en">Belgium</structure:Description>
<structure:Description xml:lang="de">Belgien</structure:Description>
<structure:Description xml:lang="fr">Belgique</structure:Description>
</structure:Code>
<structure:Code value="BG">
<structure:Description xml:lang="en">Bulgaria</structure:Description>
<structure:Description xml:lang="de">Bulgarien</structure:Description>
<structure:Description xml:lang="fr">Bulgarie</structure:Description>
</structure:Code>
<structure:Code value="CZ">
<structure:Description xml:lang="en">Czech Republic</structure:Description>
<structure:Description xml:lang="de">Tschechische Republik</structure:Description>
<structure:Description xml:lang="fr">République tchèque</structure:Description>
</structure:Code>
<structure:Code value="DK">
<structure:Description xml:lang="en">Denmark</structure:Description>
<structure:Description xml:lang="de">Dänemark</structure:Description>
<structure:Description xml:lang="fr">Danemark</structure:Description>
</structure:Code>
<structure:Code value="DE">
<structure:Description xml:lang="en">Germany (including  former GDR from 1991)</structure:Description>
<structure:Description xml:lang="de">Deutschland (einschließlich der ehemaligen DDR seit 1991)</structure:Description>
<structure:Description xml:lang="fr">Allemagne (incluant l'ancienne RDA à partir de 1991)</structure:Description>
</structure:Code>
<structure:Code value="DEW">
<structure:Description xml:lang="en">Federal Republic of Germany (except former GDR)</structure:Description>
<structure:Description xml:lang="de">Bundesrepublik Deutschland (ohne die ehemalige DDR)</structure:Description>
<structure:Description xml:lang="fr">République fédérale d'Allemagne (excepté l'ancienne RDA)</structure:Description>
</structure:Code>
<structure:Code value="EE">
<structure:Description xml:lang="en">Estonia</structure:Description>
<structure:Description xml:lang="de">Estland</structure:Description>
<structure:Description xml:lang="fr">Estonie</structure:Description>
</structure:Code>
<structure:Code value="IE">
<structure:Description xml:lang="en">Ireland</structure:Description>
<structure:Description xml:lang="de">Irland</structure:Description>
<structure:Description xml:lang="fr">Irlande</structure:Description>
</structure:Code>
<structure:Code value="GR">
<structure:Description xml:lang="en">Greece</structure:Description>
<structure:Description xml:lang="de">Griechenland</structure:Description>
<structure:Description xml:lang="fr">Grèce</structure:Description>
</structure:Code>
<structure:Code value="ES">
<structure:Description xml:lang="en">Spain</structure:Description>
<structure:Description xml:lang="de">Spanien</structure:Description>
<structure:Description xml:lang="fr">Espagne</structure:Description>
</structure:Code>
<structure:Code value="FR">
<structure:Description xml:lang="en">France</structure:Description>
<structure:Description xml:lang="de">Frankreich</structure:Description>
<structure:Description xml:lang="fr">France</structure:Description>
</structure:Code>
<structure:Code value="IT">
<structure:Description xml:lang="en">Italy</structure:Description>
<structure:Description xml:lang="de">Italien</structure:Description>
<structure:Description xml:lang="fr">Italie</structure:Description>
</structure:Code>
<structure:Code value="CY">
<structure:Description xml:lang="en">Cyprus</structure:Description>
<structure:Description xml:lang="de">Zypern</structure:Description>
<structure:Description xml:lang="fr">Chypre</structure:Description>
</structure:Code>
<structure:Code value="LV">
<structure:Description xml:lang="en">Latvia</structure:Description>
<structure:Description xml:lang="de">Lettland</structure:Description>
<structure:Description xml:lang="fr">Lettonie</structure:Description>
</structure:Code>
<structure:Code value="LT">
<structure:Description xml:lang="en">Lithuania</structure:Description>
<structure:Description xml:lang="de">Litauen</structure:Description>
<structure:Description xml:lang="fr">Lituanie</structure:Description>
</structure:Code>
<structure:Code value="LU">
<structure:Description xml:lang="en">Luxembourg</structure:Description>
<structure:Description xml:lang="de">Luxemburg</structure:Description>
<structure:Description xml:lang="fr">Luxembourg</structure:Description>
</structure:Code>
<structure:Code value="HU">
<structure:Description xml:lang="en">Hungary</structure:Description>
<structure:Description xml:lang="de">Ungarn</structure:Description>
<structure:Description xml:lang="fr">Hongrie</structure:Description>
</structure:Code>
<structure:Code value="MT">
<structure:Description xml:lang="en">Malta</structure:Description>
<structure:Description xml:lang="de">Malta</structure:Description>
<structure:Description xml:lang="fr">Malte</structure:Description>
</structure:Code>
<structure:Code value="NL">
<structure:Description xml:lang="en">Netherlands</structure:Description>
<structure:Description xml:lang="de">Niederlande</structure:Description>
<structure:Description xml:lang="fr">Pays-Bas</structure:Description>
</structure:Code>
<structure:Code value="AT">
<structure:Description xml:lang="en">Austria</structure:Description>
<structure:Description xml:lang="de">Österreich</structure:Description>
<structure:Description xml:lang="fr">Autriche</structure:Description>
</structure:Code>
<structure:Code value="PL">
<structure:Description xml:lang="en">Poland</structure:Description>
<structure:Description xml:lang="de">Polen</structure:Description>
<structure:Description xml:lang="fr">Pologne</structure:Description>
</structure:Code>
<structure:Code value="PT">
<structure:Description xml:lang="en">Portugal</structure:Description>
<structure:Description xml:lang="de">Portugal</structure:Description>
<structure:Description xml:lang="fr">Portugal</structure:Description>
</structure:Code>
<structure:Code value="RO">
<structure:Description xml:lang="en">Romania</structure:Description>
<structure:Description xml:lang="de">Rumänien</structure:Description>
<structure:Description xml:lang="fr">Roumanie</structure:Description>
</structure:Code>
<structure:Code value="SI">
<structure:Description xml:lang="en">Slovenia</structure:Description>
<structure:Description xml:lang="de">Slowenien</structure:Description>
<structure:Description xml:lang="fr">Slovénie</structure:Description>
</structure:Code>
<structure:Code value="SK">
<structure:Description xml:lang="en">Slovakia</structure:Description>
<structure:Description xml:lang="de">Slowakei</structure:Description>
<structure:Description xml:lang="fr">Slovaquie</structure:Description>
</structure:Code>
<structure:Code value="FI">
<structure:Description xml:lang="en">Finland</structure:Description>
<structure:Description xml:lang="de">Finnland</structure:Description>
<structure:Description xml:lang="fr">Finlande</structure:Description>
</structure:Code>
<structure:Code value="SE">
<structure:Description xml:lang="en">Sweden</structure:Description>
<structure:Description xml:lang="de">Schweden</structure:Description>
<structure:Description xml:lang="fr">Suède</structure:Description>
</structure:Code>
<structure:Code value="UK">
<structure:Description xml:lang="en">United Kingdom</structure:Description>
<structure:Description xml:lang="de">Vereinigtes Königreich</structure:Description>
<structure:Description xml:lang="fr">Royaume-Uni</structure:Description>
</structure:Code>
<structure:Code value="EFTA">
<structure:Description xml:lang="en">European Free Trade Association</structure:Description>
<structure:Description xml:lang="de">Europäische Freihandelsassoziation</structure:Description>
<structure:Description xml:lang="fr">Association Européenne de Libre Echange (AELE)</structure:Description>
</structure:Code>
<structure:Code value="IS">
<structure:Description xml:lang="en">Iceland</structure:Description>
<structure:Description xml:lang="de">Island</structure:Description>
<structure:Description xml:lang="fr">Islande</structure:Description>
</structure:Code>
<structure:Code value="LI">
<structure:Description xml:lang="en">Liechtenstein</structure:Description>
<structure:Description xml:lang="de">Liechtenstein</structure:Description>
<structure:Description xml:lang="fr">Liechtenstein</structure:Description>
</structure:Code>
<structure:Code value="NO">
<structure:Description xml:lang="en">Norway</structure:Description>
<structure:Description xml:lang="de">Norwegen</structure:Description>
<structure:Description xml:lang="fr">Norvège</structure:Description>
</structure:Code>
<structure:Code value="CH">
<structure:Description xml:lang="en">Switzerland</structure:Description>
<structure:Description xml:lang="de">Schweiz</structure:Description>
<structure:Description xml:lang="fr">Suisse</structure:Description>
</structure:Code>
<structure:Code value="HR">
<structure:Description xml:lang="en">Croatia</structure:Description>
<structure:Description xml:lang="de">Kroatien</structure:Description>
<structure:Description xml:lang="fr">Croatie</structure:Description>
</structure:Code>
<structure:Code value="MK">
<structure:Description xml:lang="en">Former Yugoslav Republic of Macedonia, the</structure:Description>
<structure:Description xml:lang="de">Die ehemalige jugoslawische Republik Mazedonien</structure:Description>
<structure:Description xml:lang="fr">Ancienne République yougoslave de Macédoine</structure:Description>
</structure:Code>
<structure:Code value="TR">
<structure:Description xml:lang="en">Turkey</structure:Description>
<structure:Description xml:lang="de">Türkei</structure:Description>
<structure:Description xml:lang="fr">Turquie</structure:Description>
</structure:Code>
<structure:Code value="AL">
<structure:Description xml:lang="en">Albania</structure:Description>
<structure:Description xml:lang="de">Albanien</structure:Description>
<structure:Description xml:lang="fr">Albanie</structure:Description>
</structure:Code>
<structure:Code value="BA">
<structure:Description xml:lang="en">Bosnia and Herzegovina</structure:Description>
<structure:Description xml:lang="de">Bosnien und Herzegowina</structure:Description>
<structure:Description xml:lang="fr">Bosnie-et-Herzégovine</structure:Description>
</structure:Code>
</structure:CodeList>
<structure:CodeList id="CL_TIME_FORMAT" agencyID="SDMX">
<structure:Name xml:lang="en">Time Format</structure:Name>
<structure:Code value="P1Y">
<structure:Description xml:lang="en">Annual</structure:Description>
</structure:Code>
<structure:Code value="P6M">
<structure:Description xml:lang="en">Semi-annual</structure:Description>
</structure:Code>
<structure:Code value="P3M">
<structure:Description xml:lang="en">Quarterly</structure:Description>
</structure:Code>
<structure:Code value="P1M">
<structure:Description xml:lang="en">Monthly</structure:Description>
</structure:Code>
<structure:Code value="P7D">
<structure:Description xml:lang="en">Weekly</structure:Description>
</structure:Code>
<structure:Code value="P1D">
<structure:Description xml:lang="en">Daily</structure:Description>
</structure:Code>
<structure:Code value="PT1M">
<structure:Description xml:lang="en">Minutely</structure:Description>
</structure:Code>
</structure:CodeList>
<structure:CodeList id="CL_FREQ" agencyID="SDMX">
<structure:Name xml:lang="en">Frequency code list</structure:Name>
<structure:Code value="A">
<structure:Description xml:lang="en">Annual</structure:Description>
</structure:Code>
<structure:Code value="S">
<structure:Description xml:lang="en">Half-yearly, semester</structure:Description>
</structure:Code>
<structure:Code value="Q">
<structure:Description xml:lang="en">Quarterly</structure:Description>
</structure:Code>
<structure:Code value="M">
<structure:Description xml:lang="en">Monthly</structure:Description>
</structure:Code>
<structure:Code value="W">
<structure:Description xml:lang="en">Weekly</structure:Description>
</structure:Code>
<structure:Code value="B">
<structure:Description xml:lang="en">Business week</structure:Description>
</structure:Code>
<structure:Code value="D">
<structure:Description xml:lang="en">Daily</structure:Description>
</structure:Code>
<structure:Code value="H">
<structure:Description xml:lang="en">Hourly</structure:Description>
</structure:Code>
<structure:Code value="N">
<structure:Description xml:lang="en">Minutely</structure:Description>
</structure:Code>
</structure:CodeList>
<structure:CodeList id="CL_OBS_STATUS" agencyID="EUROSTAT" isFinal="false">
<structure:Name xml:lang="en">Observation status code list</structure:Name>
<structure:Code value="b">
<structure:Description xml:lang="en">Break in series</structure:Description>
<structure:Description xml:lang="de">Reihenunterbrechung</structure:Description>
<structure:Description xml:lang="fr">Rupture de série</structure:Description>
</structure:Code>
<structure:Code value="c">
<structure:Description xml:lang="en">Confidential</structure:Description>
<structure:Description xml:lang="de">Vertraulich</structure:Description>
<structure:Description xml:lang="fr">Confidentiel</structure:Description>
</structure:Code>
<structure:Code value="e">
<structure:Description xml:lang="en">Estimated value</structure:Description>
<structure:Description xml:lang="de">Geschätzter Wert</structure:Description>
<structure:Description xml:lang="fr">Valeur estimée</structure:Description>
</structure:Code>
<structure:Code value="f">
<structure:Description xml:lang="en">Forecast</structure:Description>
<structure:Description xml:lang="de">Prognose</structure:Description>
<structure:Description xml:lang="fr">Prévision</structure:Description>
</structure:Code>
<structure:Code value="i">
<structure:Description xml:lang="en">See explanatory text</structure:Description>
<structure:Description xml:lang="de">Siehe Erklärungstext</structure:Description>
<structure:Description xml:lang="fr">Voir texte explicatif</structure:Description>
</structure:Code>
<structure:Code value="n">
<structure:Description xml:lang="en">Not significant</structure:Description>
<structure:Description xml:lang="de">Unbedeutend</structure:Description>
<structure:Description xml:lang="fr">Non significatif</structure:Description>
</structure:Code>
<structure:Code value="p">
<structure:Description xml:lang="en">Provisional value</structure:Description>
<structure:Description xml:lang="de">Vorläufiger Wert</structure:Description>
<structure:Description xml:lang="fr">Valeur provisoire</structure:Description>
</structure:Code>
<structure:Code value="r">
<structure:Description xml:lang="en">Revised value</structure:Description>
<structure:Description xml:lang="de">Revidierter Wert</structure:Description>
<structure:Description xml:lang="fr">Valeur révisée</structure:Description>
</structure:Code>
<structure:Code value="s">
<structure:Description xml:lang="en">Eurostat estimate</structure:Description>
<structure:Description xml:lang="de">Schätzung Eurostat</structure:Description>
<structure:Description xml:lang="fr">Estimation Eurostat</structure:Description>
</structure:Code>
<structure:Code value="u">
<structure:Description xml:lang="en">Unreliable or uncertain data</structure:Description>
<structure:Description xml:lang="de">Unzuverlässige oder ungewiße Daten</structure:Description>
<structure:Description xml:lang="fr">Donnée peu fiable ou incertaine</structure:Description>
</structure:Code>
<structure:Code value="z">
<structure:Description xml:lang="en">Not applicable or Real zero or Zero by default</structure:Description>
<structure:Description xml:lang="de">Nicht zutreffend oder Reale Null oder Automatisch Null</structure:Description>
<structure:Description xml:lang="fr">Non applicable ou Zéro réel ou Zéro par défaut</structure:Description>
</structure:Code>
</structure:CodeList>
</CodeLists>

<Concepts>
<structure:ConceptScheme agencyID="EUROSTAT" id="CONCEPTS" isFinal="true">
<structure:Name xml:lang="en">Concepts</structure:Name>
<structure:Concept id="FREQ"><structure:Name xml:lang="en">Frequency</structure:Name>
</structure:Concept>
<structure:Concept id="crop_pro"><structure:Name xml:lang="en">Crop production</structure:Name>
<structure:Name xml:lang="de">Pflanzliche Erzeugung</structure:Name>
<structure:Name xml:lang="fr">Production végétale</structure:Name>
</structure:Concept>
<structure:Concept id="strucpro"><structure:Name xml:lang="en">Structure of production</structure:Name>
<structure:Name xml:lang="de">Produktionsstruktur</structure:Name>
<structure:Name xml:lang="fr">Structure de production</structure:Name>
</structure:Concept>
<structure:Concept id="geo"><structure:Name xml:lang="en">Geopolitical entity (declaring)</structure:Name>
<structure:Name xml:lang="de">Geopolitische Meldeeinheit</structure:Name>
<structure:Name xml:lang="fr">Entité géopolitique (déclarante)</structure:Name>
</structure:Concept>
<structure:Concept id="TIME_PERIOD"><structure:Name xml:lang="en">Time period or range</structure:Name>
</structure:Concept>
<structure:Concept id="OBS_VALUE"><structure:Name xml:lang="en">Observation Value</structure:Name>
</structure:Concept>
<structure:Concept id="OBS_STATUS"><structure:Name xml:lang="en">Observation Status</structure:Name>
</structure:Concept>
</structure:ConceptScheme>
</Concepts>

<KeyFamilies>
<structure:KeyFamily id="apro_cpp_crop_DSD" agencyID="EUROSTAT" isFinal="false" isExternalReference="false"><structure:Name xml:lang="en">apro_cpp_crop_DSD</structure:Name>

<structure:Components>
<structure:Dimension conceptSchemeRef="CONCEPTS" conceptRef="FREQ" codelist="CL_FREQ" isFrequencyDimension="true"/>
<structure:Dimension conceptSchemeRef="CONCEPTS" conceptRef="crop_pro" codelist="CL_CROP_PRO" crossSectionalAttachDataSet="false" crossSectionalAttachGroup="false" crossSectionalAttachSection="true" crossSectionalAttachObservation="false"></structure:Dimension>
<structure:Dimension conceptSchemeRef="CONCEPTS" conceptRef="strucpro" codelist="CL_STRUCPRO" crossSectionalAttachDataSet="false" crossSectionalAttachGroup="false" crossSectionalAttachSection="true" crossSectionalAttachObservation="false"></structure:Dimension>
<structure:Dimension conceptSchemeRef="CONCEPTS" conceptRef="geo" codelist="CL_GEO" crossSectionalAttachDataSet="false" crossSectionalAttachGroup="false" crossSectionalAttachSection="true" crossSectionalAttachObservation="false"></structure:Dimension>
<structure:TimeDimension conceptSchemeRef="CONCEPTS" conceptRef="TIME_PERIOD"><structure:TextFormat textType="String"></structure:TextFormat>
</structure:TimeDimension>
<structure:PrimaryMeasure conceptSchemeRef="CONCEPTS" conceptRef="OBS_VALUE">
<structure:TextFormat textType="Double"></structure:TextFormat>
</structure:PrimaryMeasure>

<structure:Attribute conceptRef="TIME_FORMAT" conceptSchemeRef="CONCEPTS" codelist="CL_TIME_FORMAT" attachmentLevel="Series" assignmentStatus="Mandatory"></structure:Attribute>
<structure:Attribute conceptSchemeRef="CONCEPTS" conceptRef="OBS_STATUS" codelist="CL_OBS_STATUS" attachmentLevel="Observation" assignmentStatus="Conditional" crossSectionalAttachDataSet="false" crossSectionalAttachGroup="false" crossSectionalAttachSection="false" crossSectionalAttachObservation="true"><structure:TextFormat textType="String"></structure:TextFormat>
</structure:Attribute>
</structure:Components>
</structure:KeyFamily>
</KeyFamilies>

</Structure>