<?xml version="1.0" encoding="UTF-8"?>
<CompactData xmlns="http://www.SDMX.org/resources/SDMXML/schemas/v2_0/message" xmlns:common="http://www.SDMX.org/resources/SDMXML/schemas/v2_0/common" xmlns:compact="http://www.SDMX.org/resources/SDMXML/schemas/v2_0/compact" xmlns:xsi="http://www.w3.org/2001/XMLSchema-instance" xmlns:data="urn:sdmx:org.sdmx.infomodel.keyfamily.KeyFamily=EUROSTAT:avia_ac_number_DSD:compact" xsi:schemaLocation="http://www.SDMX.org/resources/SDMXML/schemas/v2_0/message SDMXMessage.xsd urn:sdmx:org.sdmx.infomodel.keyfamily.KeyFamily=EUROSTAT:avia_ac_number_DSD:compact EUROSTAT_avia_ac_number_Compact.xsd http://www.SDMX.org/resources/SDMXML/schemas/v2_0/compact SDMXCompactData.xsd">
<Header>
<ID>avia_ac_number</ID>
<Test>false</Test>
<Name xml:lang="en">avia_ac_number</Name>
<Prepared>2011-09-01T15:09:12</Prepared>
<Sender id="EUROSTAT">
<Name xml:lang="en">EUROSTAT</Name>
</Sender>
<Receiver id="XML">
<Name xml:lang="en">SDMX-ML File</Name>
</Receiver>
<DataSetID>avia_ac_number</DataSetID>
<Extracted>2011-09-01T15:09:12</Extracted>
</Header>
<data:DataSet>
<data:Series FREQ="A" acc_air="ACC_NAT" geo="AT" TIME_FORMAT="P1Y">
<data:Obs TIME_PERIOD="2007" OBS_VALUE="1" />
<data:Obs TIME_PERIOD="2008" OBS_VALUE="0" />
<data:Obs TIME_PERIOD="2009" OBS_VALUE="0" />
</data:Series>
<data:Series FREQ="A" acc_air="ACC_NAT" geo="BE" TIME_FORMAT="P1Y">
<data:Obs TIME_PERIOD="2007" OBS_VALUE="1" />
<data:Obs TIME_PERIOD="2008" OBS_VALUE="2" />
<data:Obs TIME_PERIOD="2009" OBS_VALUE="0" />
</data:Series>
<data:Series FREQ="A" acc_air="ACC_NAT" geo="BG" TIME_FORMAT="P1Y">
<data:Obs TIME_PERIOD="2008" OBS_VALUE="0" />
<data:Obs TIME_PERIOD="2009" OBS_VALUE="0" />
</data:Series>
<data:Series FREQ="A" acc_air="ACC_NAT" geo="CH" TIME_FORMAT="P1Y">
<data:Obs TIME_PERIOD="2007" OBS_VALUE="0" />
</data:Series>
<data:Series FREQ="A" acc_air="ACC_NAT" geo="CY" TIME_FORMAT="P1Y">
<data:Obs TIME_PERIOD="2005" OBS_VALUE="0" />
<data:Obs TIME_PERIOD="2006" OBS_VALUE="0" />
<data:Obs TIME_PERIOD="2007" OBS_VALUE="0" />
<data:Obs TIME_PERIOD="2008" OBS_VALUE="0" />
<data:Obs TIME_PERIOD="2009" OBS_VALUE="1" />
</data:Series>
<data:Series FREQ="A" acc_air="ACC_NAT" geo="CZ" TIME_FORMAT="P1Y">
<data:Obs TIME_PERIOD="2001" OBS_VALUE="0" />
<data:Obs TIME_PERIOD="2002" OBS_VALUE="0" />
<data:Obs TIME_PERIOD="2003" OBS_VALUE="0" />
<data:Obs TIME_PERIOD="2004" OBS_VALUE="0" />
<data:Obs TIME_PERIOD="2005" OBS_VALUE="0" />
<data:Obs TIME_PERIOD="2006" OBS_VALUE="0" />
<data:Obs TIME_PERIOD="2007" OBS_VALUE="0" />
<data:Obs TIME_PERIOD="2008" OBS_VALUE="0" />
<data:Obs TIME_PERIOD="2009" OBS_VALUE="0" />
</data:Series>
<data:Series FREQ="A" acc_air="ACC_NAT" geo="DE" TIME_FORMAT="P1Y">
<data:Obs TIME_PERIOD="2007" OBS_VALUE="7" />
<data:Obs TIME_PERIOD="2008" OBS_VALUE="7" />
</data:Series>
<data:Series FREQ="A" acc_air="ACC_NAT" geo="DK" TIME_FORMAT="P1Y">
<data:Obs TIME_PERIOD="2007" OBS_VALUE="2" />
<data:Obs TIME_PERIOD="2008" OBS_VALUE="1" />
<data:Obs TIME_PERIOD="2009" OBS_VALUE="0" />
</data:Series>
<data:Series FREQ="A" acc_air="ACC_NAT" geo="EE" TIME_FORMAT="P1Y">
<data:Obs TIME_PERIOD="2001" OBS_VALUE="1" />
<data:Obs TIME_PERIOD="2002" OBS_VALUE="1" />
<data:Obs TIME_PERIOD="2003" OBS_VALUE="1" />
<data:Obs TIME_PERIOD="2004" OBS_VALUE="0" />
<data:Obs TIME_PERIOD="2005" OBS_VALUE="1" />
<data:Obs TIME_PERIOD="2006" OBS_VALUE="0" />
<data:Obs TIME_PERIOD="2007" OBS_VALUE="0" />
<data:Obs TIME_PERIOD="2008" OBS_VALUE="2" />
<data:Obs TIME_PERIOD="2009" OBS_VALUE="1" />
</data:Series>
<data:Series FREQ="A" acc_air="ACC_NAT" geo="ES" TIME_FORMAT="P1Y">
<data:Obs TIME_PERIOD="2007" OBS_VALUE="8" />
<data:Obs TIME_PERIOD="2008" OBS_VALUE="4" />
<data:Obs TIME_PERIOD="2009" OBS_VALUE="2" />
</data:Series>
<data:Series FREQ="A" acc_air="ACC_NAT" geo="FI" TIME_FORMAT="P1Y">
<data:Obs TIME_PERIOD="2005" OBS_VALUE="0" />
<data:Obs TIME_PERIOD="2007" OBS_VALUE="0" />
<data:Obs TIME_PERIOD="2008" OBS_VALUE="0" />
<data:Obs TIME_PERIOD="2009" OBS_VALUE="0" />
</data:Series>
<data:Series FREQ="A" acc_air="ACC_NAT" geo="FR" TIME_FORMAT="P1Y">
<data:Obs TIME_PERIOD="2003" OBS_VALUE="8" />
<data:Obs TIME_PERIOD="2004" OBS_VALUE="0" />
<data:Obs TIME_PERIOD="2007" OBS_VALUE="11" />
<data:Obs TIME_PERIOD="2008" OBS_VALUE="10" />
<data:Obs TIME_PERIOD="2009" OBS_VALUE="5" />
</data:Series>
<data:Series FREQ="A" acc_air="ACC_NAT" geo="GR" TIME_FORMAT="P1Y">
<data:Obs TIME_PERIOD="2007" OBS_VALUE="2" />
<data:Obs TIME_PERIOD="2008" OBS_VALUE="0" />
<data:Obs TIME_PERIOD="2009" OBS_VALUE="2" />
</data:Series>
<data:Series FREQ="A" acc_air="ACC_NAT" geo="HR" TIME_FORMAT="P1Y">
<data:Obs TIME_PERIOD="2008" OBS_VALUE="10" />
<data:Obs TIME_PERIOD="2009" OBS_VALUE="10" />
</data:Series>
<data:Series FREQ="A" acc_air="ACC_NAT" geo="HU" TIME_FORMAT="P1Y">
<data:Obs TIME_PERIOD="2005" OBS_VALUE="0" />
<data:Obs TIME_PERIOD="2006" OBS_VALUE="0" />
<data:Obs TIME_PERIOD="2007" OBS_VALUE="0" />
<data:Obs TIME_PERIOD="2008" OBS_VALUE="0" />
<data:Obs TIME_PERIOD="2009" OBS_VALUE="0" />
</data:Series>
<data:Series FREQ="A" acc_air="ACC_NAT" geo="IE" TIME_FORMAT="P1Y">
<data:Obs TIME_PERIOD="2005" OBS_VALUE="4" />
<data:Obs TIME_PERIOD="2006" OBS_VALUE="1" />
<data:Obs TIME_PERIOD="2007" OBS_VALUE="1" />
<data:Obs TIME_PERIOD="2008" OBS_VALUE="0" />
<data:Obs TIME_PERIOD="2009" OBS_VALUE="1" />
</data:Series>
<data:Series FREQ="A" acc_air="ACC_NAT" geo="IS" TIME_FORMAT="P1Y">
<data:Obs TIME_PERIOD="2007" OBS_VALUE="4" />
<data:Obs TIME_PERIOD="2008" OBS_VALUE="7" />
</data:Series>
<data:Series FREQ="A" acc_air="ACC_NAT" geo="IT" TIME_FORMAT="P1Y">
<data:Obs TIME_PERIOD="2003" OBS_VALUE="2" />
<data:Obs TIME_PERIOD="2004" OBS_VALUE="6" />
<data:Obs TIME_PERIOD="2007" OBS_VALUE="4" />
<data:Obs TIME_PERIOD="2008" OBS_VALUE="0" />
<data:Obs TIME_PERIOD="2009" OBS_VALUE="5" />
</data:Series>
<data:Series FREQ="A" acc_air="ACC_NAT" geo="LT" TIME_FORMAT="P1Y">
<data:Obs TIME_PERIOD="2003" OBS_VALUE="0" />
<data:Obs TIME_PERIOD="2004" OBS_VALUE="0" />
<data:Obs TIME_PERIOD="2005" OBS_VALUE="0" />
<data:Obs TIME_PERIOD="2006" OBS_VALUE="0" />
<data:Obs TIME_PERIOD="2007" OBS_VALUE="0" />
<data:Obs TIME_PERIOD="2008" OBS_VALUE="0" />
<data:Obs TIME_PERIOD="2009" OBS_VALUE="0" />
</data:Series>
<data:Series FREQ="A" acc_air="ACC_NAT" geo="LU" TIME_FORMAT="P1Y">
<data:Obs TIME_PERIOD="2007" OBS_VALUE="0" />
<data:Obs TIME_PERIOD="2008" OBS_VALUE="0" />
<data:Obs TIME_PERIOD="2009" OBS_VALUE="0" />
</data:Series>
<data:Series FREQ="A" acc_air="ACC_NAT" geo="LV" TIME_FORMAT="P1Y">
<data:Obs TIME_PERIOD="2001" OBS_VALUE="1" />
<data:Obs TIME_PERIOD="2002" OBS_VALUE="0" />
<data:Obs TIME_PERIOD="2003" OBS_VALUE="0" />
<data:Obs TIME_PERIOD="2004" OBS_VALUE="3" />
<data:Obs TIME_PERIOD="2005" OBS_VALUE="0" />
<data:Obs TIME_PERIOD="2006" OBS_VALUE="0" />
<data:Obs TIME_PERIOD="2007" OBS_VALUE="0" />
<data:Obs TIME_PERIOD="2008" OBS_VALUE="2" />
<data:Obs TIME_PERIOD="2009" OBS_VALUE="0" />
</data:Series>
<data:Series FREQ="A" acc_air="ACC_NAT" geo="MT" TIME_FORMAT="P1Y">
<data:Obs TIME_PERIOD="2007" OBS_VALUE="0" />
<data:Obs TIME_PERIOD="2008" OBS_VALUE="0" />
<data:Obs TIME_PERIOD="2009" OBS_VALUE="0" />
</data:Series>
<data:Series FREQ="A" acc_air="ACC_NAT" geo="NL" TIME_FORMAT="P1Y">
<data:Obs TIME_PERIOD="2007" OBS_VALUE="2" />
<data:Obs TIME_PERIOD="2008" OBS_VALUE="1" />
<data:Obs TIME_PERIOD="2009" OBS_VALUE="59" />
</data:Series>
<data:Series FREQ="A" acc_air="ACC_NAT" geo="PL" TIME_FORMAT="P1Y">
<data:Obs TIME_PERIOD="2007" OBS_VALUE="1" />
<data:Obs TIME_PERIOD="2008" OBS_VALUE="0" />
<data:Obs TIME_PERIOD="2009" OBS_VALUE="0" />
</data:Series>
<data:Series FREQ="A" acc_air="ACC_NAT" geo="PT" TIME_FORMAT="P1Y">
<data:Obs TIME_PERIOD="2007" OBS_VALUE="1" />
<data:Obs TIME_PERIOD="2008" OBS_VALUE="0" />
<data:Obs TIME_PERIOD="2009" OBS_VALUE="2" />
</data:Series>
<data:Series FREQ="A" acc_air="ACC_NAT" geo="RO" TIME_FORMAT="P1Y">
<data:Obs TIME_PERIOD="2007" OBS_VALUE="0" />
<data:Obs TIME_PERIOD="2008" OBS_VALUE="2" />
<data:Obs TIME_PERIOD="2009" OBS_VALUE="4" />
</data:Series>
<data:Series FREQ="A" acc_air="ACC_NAT" geo="SE" TIME_FORMAT="P1Y">
<data:Obs TIME_PERIOD="2007" OBS_VALUE="1" />
<data:Obs TIME_PERIOD="2008" OBS_VALUE="0" />
<data:Obs TIME_PERIOD="2009" OBS_VALUE="3" />
</data:Series>
<data:Series FREQ="A" acc_air="ACC_NAT" geo="SI" TIME_FORMAT="P1Y">
<data:Obs TIME_PERIOD="2004" OBS_VALUE="0" />
<data:Obs TIME_PERIOD="2005" OBS_VALUE="0" />
<data:Obs TIME_PERIOD="2006" OBS_VALUE="0" />
<data:Obs TIME_PERIOD="2007" OBS_VALUE="0" />
<data:Obs TIME_PERIOD="2008" OBS_VALUE="0" />
<data:Obs TIME_PERIOD="2009" OBS_VALUE="0" />
</data:Series>
<data:Series FREQ="A" acc_air="ACC_NAT" geo="SK" TIME_FORMAT="P1Y">
<data:Obs TIME_PERIOD="2001" OBS_VALUE="5" />
<data:Obs TIME_PERIOD="2002" OBS_VALUE="6" />
<data:Obs TIME_PERIOD="2003" OBS_VALUE="16" />
<data:Obs TIME_PERIOD="2004" OBS_VALUE="9" />
<data:Obs TIME_PERIOD="2005" OBS_VALUE="12" />
<data:Obs TIME_PERIOD="2006" OBS_VALUE="53" />
<data:Obs TIME_PERIOD="2007" OBS_VALUE="14" />
<data:Obs TIME_PERIOD="2008" OBS_VALUE="7" />
<data:Obs TIME_PERIOD="2009" OBS_VALUE="6" />
</data:Series>
<data:Series FREQ="A" acc_air="ACC_NAT" geo="UK" TIME_FORMAT="P1Y">
<data:Obs TIME_PERIOD="2007" OBS_VALUE="8" />
<data:Obs TIME_PERIOD="2008" OBS_VALUE="6" />
<data:Obs TIME_PERIOD="2009" OBS_VALUE="2" />
</data:Series>
<data:Series FREQ="A" acc_air="ACC_TER" geo="BG" TIME_FORMAT="P1Y">
<data:Obs TIME_PERIOD="2008" OBS_VALUE="0" />
<data:Obs TIME_PERIOD="2009" OBS_VALUE="0" />
</data:Series>
<data:Series FREQ="A" acc_air="ACC_TER" geo="CH" TIME_FORMAT="P1Y">
<data:Obs TIME_PERIOD="2007" OBS_VALUE="0" />
</data:Series>
<data:Series FREQ="A" acc_air="ACC_TER" geo="CY" TIME_FORMAT="P1Y">
<data:Obs TIME_PERIOD="2005" OBS_VALUE="1" />
<data:Obs TIME_PERIOD="2006" OBS_VALUE="0" />
<data:Obs TIME_PERIOD="2007" OBS_VALUE="0" />
<data:Obs TIME_PERIOD="2008" OBS_VALUE="0" />
</data:Series>
<data:Series FREQ="A" acc_air="ACC_TER" geo="CZ" TIME_FORMAT="P1Y">
<data:Obs TIME_PERIOD="2001" OBS_VALUE="0" />
<data:Obs TIME_PERIOD="2002" OBS_VALUE="0" />
<data:Obs TIME_PERIOD="2003" OBS_VALUE="0" />
<data:Obs TIME_PERIOD="2004" OBS_VALUE="0" />
<data:Obs TIME_PERIOD="2005" OBS_VALUE="0" />
<data:Obs TIME_PERIOD="2007" OBS_VALUE="0" />
<data:Obs TIME_PERIOD="2008" OBS_VALUE="0" />
<data:Obs TIME_PERIOD="2009" OBS_VALUE="0" />
</data:Series>
<data:Series FREQ="A" acc_air="ACC_TER" geo="EE" TIME_FORMAT="P1Y">
<data:Obs TIME_PERIOD="2001" OBS_VALUE="1" />
<data:Obs TIME_PERIOD="2002" OBS_VALUE="1" />
<data:Obs TIME_PERIOD="2003" OBS_VALUE="2" />
<data:Obs TIME_PERIOD="2004" OBS_VALUE="4" />
<data:Obs TIME_PERIOD="2005" OBS_VALUE="0" />
<data:Obs TIME_PERIOD="2006" OBS_VALUE="0" />
<data:Obs TIME_PERIOD="2007" OBS_VALUE="0" />
<data:Obs TIME_PERIOD="2008" OBS_VALUE="0" />
<data:Obs TIME_PERIOD="2009" OBS_VALUE="0" />
</data:Series>
<data:Series FREQ="A" acc_air="ACC_TER" geo="ES" TIME_FORMAT="P1Y">
<data:Obs TIME_PERIOD="2007" OBS_VALUE="6" />
</data:Series>
<data:Series FREQ="A" acc_air="ACC_TER" geo="FI" TIME_FORMAT="P1Y">
<data:Obs TIME_PERIOD="2005" OBS_VALUE="1" />
<data:Obs TIME_PERIOD="2008" OBS_VALUE="0" />
</data:Series>
<data:Series FREQ="A" acc_air="ACC_TER" geo="FR" TIME_FORMAT="P1Y">
<data:Obs TIME_PERIOD="2009" OBS_VALUE="1" />
</data:Series>
<data:Series FREQ="A" acc_air="ACC_TER" geo="GR" TIME_FORMAT="P1Y">
<data:Obs TIME_PERIOD="2001" OBS_VALUE="1" />
<data:Obs TIME_PERIOD="2002" OBS_VALUE="1" />
<data:Obs TIME_PERIOD="2003" OBS_VALUE="2" />
<data:Obs TIME_PERIOD="2004" OBS_VALUE="4" />
<data:Obs TIME_PERIOD="2005" OBS_VALUE="0" />
</data:Series>
<data:Series FREQ="A" acc_air="ACC_TER" geo="HR" TIME_FORMAT="P1Y">
<data:Obs TIME_PERIOD="2008" OBS_VALUE="0" />
<data:Obs TIME_PERIOD="2009" OBS_VALUE="0" />
</data:Series>
<data:Series FREQ="A" acc_air="ACC_TER" geo="IS" TIME_FORMAT="P1Y">
<data:Obs TIME_PERIOD="2007" OBS_VALUE="4" />
<data:Obs TIME_PERIOD="2008" OBS_VALUE="5" />
</data:Series>
<data:Series FREQ="A" acc_air="ACC_TER" geo="IT" TIME_FORMAT="P1Y">
<data:Obs TIME_PERIOD="2008" OBS_VALUE="1" />
</data:Series>
<data:Series FREQ="A" acc_air="ACC_TER" geo="LT" TIME_FORMAT="P1Y">
<data:Obs TIME_PERIOD="2003" OBS_VALUE="0" />
<data:Obs TIME_PERIOD="2004" OBS_VALUE="0" />
<data:Obs TIME_PERIOD="2005" OBS_VALUE="0" />
<data:Obs TIME_PERIOD="2006" OBS_VALUE="0" />
<data:Obs TIME_PERIOD="2007" OBS_VALUE="0" />
<data:Obs TIME_PERIOD="2008" OBS_VALUE="0" />
<data:Obs TIME_PERIOD="2009" OBS_VALUE="0" />
</data:Series>
<data:Series FREQ="A" acc_air="ACC_TER" geo="LV" TIME_FORMAT="P1Y">
<data:Obs TIME_PERIOD="2001" OBS_VALUE="0" />
<data:Obs TIME_PERIOD="2002" OBS_VALUE="0" />
<data:Obs TIME_PERIOD="2003" OBS_VALUE="0" />
<data:Obs TIME_PERIOD="2004" OBS_VALUE="0" />
<data:Obs TIME_PERIOD="2005" OBS_VALUE="0" />
<data:Obs TIME_PERIOD="2006" OBS_VALUE="0" />
<data:Obs TIME_PERIOD="2007" OBS_VALUE="0" />
<data:Obs TIME_PERIOD="2008" OBS_VALUE="2" />
<data:Obs TIME_PERIOD="2009" OBS_VALUE="0" />
</data:Series>
<data:Series FREQ="A" acc_air="ACC_TER" geo="PT" TIME_FORMAT="P1Y">
<data:Obs TIME_PERIOD="2008" OBS_VALUE="0" />
<data:Obs TIME_PERIOD="2009" OBS_VALUE="0" />
</data:Series>
<data:Series FREQ="A" acc_air="ACC_TER" geo="SI" TIME_FORMAT="P1Y">
<data:Obs TIME_PERIOD="2004" OBS_VALUE="0" />
<data:Obs TIME_PERIOD="2005" OBS_VALUE="0" />
<data:Obs TIME_PERIOD="2006" OBS_VALUE="0" />
<data:Obs TIME_PERIOD="2007" OBS_VALUE="0" />
<data:Obs TIME_PERIOD="2008" OBS_VALUE="0" />
<data:Obs TIME_PERIOD="2009" OBS_VALUE="0" />
</data:Series>
<data:Series FREQ="A" acc_air="ACC_TER" geo="SK" TIME_FORMAT="P1Y">
<data:Obs TIME_PERIOD="2001" OBS_VALUE="5" />
<data:Obs TIME_PERIOD="2002" OBS_VALUE="6" />
<data:Obs TIME_PERIOD="2003" OBS_VALUE="16" />
<data:Obs TIME_PERIOD="2004" OBS_VALUE="9" />
<data:Obs TIME_PERIOD="2005" OBS_VALUE="10" />
<data:Obs TIME_PERIOD="2006" OBS_VALUE="46" />
<data:Obs TIME_PERIOD="2007" OBS_VALUE="11" />
<data:Obs TIME_PERIOD="2008" OBS_VALUE="7" />
<data:Obs TIME_PERIOD="2009" OBS_VALUE="6" />
</data:Series>
</data:DataSet>
</CompactData>