<?xml version="1.0" encoding="UTF-8"?>
<CompactData xmlns="http://www.SDMX.org/resources/SDMXML/schemas/v2_0/message" xmlns:common="http://www.SDMX.org/resources/SDMXML/schemas/v2_0/common" xmlns:compact="http://www.SDMX.org/resources/SDMXML/schemas/v2_0/compact" xmlns:xsi="http://www.w3.org/2001/XMLSchema-instance" xmlns:data="urn:sdmx:org.sdmx.infomodel.keyfamily.KeyFamily=EUROSTAT:avia_ec_enterp_DSD:compact" xsi:schemaLocation="http://www.SDMX.org/resources/SDMXML/schemas/v2_0/message SDMXMessage.xsd urn:sdmx:org.sdmx.infomodel.keyfamily.KeyFamily=EUROSTAT:avia_ec_enterp_DSD:compact EUROSTAT_avia_ec_enterp_Compact.xsd http://www.SDMX.org/resources/SDMXML/schemas/v2_0/compact SDMXCompactData.xsd">
<Header>
<ID>avia_ec_enterp</ID>
<Test>false</Test>
<Name xml:lang="en">avia_ec_enterp</Name>
<Prepared>2011-09-01T15:09:13</Prepared>
<Sender id="EUROSTAT">
<Name xml:lang="en">EUROSTAT</Name>
</Sender>
<Receiver id="XML">
<Name xml:lang="en">SDMX-ML File</Name>
</Receiver>
<DataSetID>avia_ec_enterp</DataSetID>
<Extracted>2011-09-01T15:09:13</Extracted>
</Header>
<data:DataSet>
<data:Series FREQ="A" enterpr="AIRP" geo="CY" TIME_FORMAT="P1Y">
<data:Obs TIME_PERIOD="2007" OBS_VALUE="4" />
<data:Obs TIME_PERIOD="2008" OBS_VALUE="6" />
</data:Series>
<data:Series FREQ="A" enterpr="AIRP" geo="CZ" TIME_FORMAT="P1Y">
<data:Obs TIME_PERIOD="2001" OBS_VALUE="85" />
<data:Obs TIME_PERIOD="2002" OBS_VALUE="85" />
<data:Obs TIME_PERIOD="2003" OBS_VALUE="87" />
<data:Obs TIME_PERIOD="2004" OBS_VALUE="87" />
<data:Obs TIME_PERIOD="2005" OBS_VALUE="87" />
<data:Obs TIME_PERIOD="2006" OBS_VALUE="90" />
<data:Obs TIME_PERIOD="2007" OBS_VALUE="97" />
<data:Obs TIME_PERIOD="2008" OBS_VALUE="91" />
</data:Series>
<data:Series FREQ="A" enterpr="AIRP" geo="EE" TIME_FORMAT="P1Y">
<data:Obs TIME_PERIOD="2001" OBS_VALUE="0" />
<data:Obs TIME_PERIOD="2002" OBS_VALUE="0" />
<data:Obs TIME_PERIOD="2003" OBS_VALUE="0" />
<data:Obs TIME_PERIOD="2004" OBS_VALUE="0" />
<data:Obs TIME_PERIOD="2005" OBS_VALUE="11" />
<data:Obs TIME_PERIOD="2006" OBS_VALUE="12" />
<data:Obs TIME_PERIOD="2007" OBS_VALUE="11" />
<data:Obs TIME_PERIOD="2008" OBS_VALUE="7" />
</data:Series>
<data:Series FREQ="A" enterpr="AIRP" geo="HR" TIME_FORMAT="P1Y">
<data:Obs TIME_PERIOD="2008" OBS_VALUE="9" />
</data:Series>
<data:Series FREQ="A" enterpr="AIRP" geo="IE" TIME_FORMAT="P1Y">
<data:Obs TIME_PERIOD="2005" OBS_VALUE="8" />
<data:Obs TIME_PERIOD="2006" OBS_VALUE="8" />
<data:Obs TIME_PERIOD="2007" OBS_VALUE="8" />
<data:Obs TIME_PERIOD="2008" OBS_VALUE="7" />
</data:Series>
<data:Series FREQ="A" enterpr="AIRP" geo="IS" TIME_FORMAT="P1Y">
<data:Obs TIME_PERIOD="2007" OBS_VALUE="2" />
<data:Obs TIME_PERIOD="2008" OBS_VALUE="2" />
</data:Series>
<data:Series FREQ="A" enterpr="AIRP" geo="LT" TIME_FORMAT="P1Y">
<data:Obs TIME_PERIOD="2003" OBS_VALUE="3" />
<data:Obs TIME_PERIOD="2004" OBS_VALUE="3" />
<data:Obs TIME_PERIOD="2005" OBS_VALUE="3" />
<data:Obs TIME_PERIOD="2006" OBS_VALUE="3" />
<data:Obs TIME_PERIOD="2007" OBS_VALUE="3" />
<data:Obs TIME_PERIOD="2008" OBS_VALUE="3" />
</data:Series>
<data:Series FREQ="A" enterpr="AIRP" geo="LV" TIME_FORMAT="P1Y">
<data:Obs TIME_PERIOD="2001" OBS_VALUE="3" />
<data:Obs TIME_PERIOD="2002" OBS_VALUE="3" />
<data:Obs TIME_PERIOD="2003" OBS_VALUE="3" />
<data:Obs TIME_PERIOD="2004" OBS_VALUE="3" />
<data:Obs TIME_PERIOD="2005" OBS_VALUE="4" />
<data:Obs TIME_PERIOD="2006" OBS_VALUE="4" />
<data:Obs TIME_PERIOD="2007" OBS_VALUE="4" />
<data:Obs TIME_PERIOD="2008" OBS_VALUE="4" />
</data:Series>
<data:Series FREQ="A" enterpr="AIRP" geo="PT" TIME_FORMAT="P1Y">
<data:Obs TIME_PERIOD="2001" OBS_VALUE="3" />
<data:Obs TIME_PERIOD="2002" OBS_VALUE="3" />
<data:Obs TIME_PERIOD="2003" OBS_VALUE="3" />
<data:Obs TIME_PERIOD="2004" OBS_VALUE="3" />
<data:Obs TIME_PERIOD="2008" OBS_VALUE="3" />
</data:Series>
<data:Series FREQ="A" enterpr="AIRP" geo="SI" TIME_FORMAT="P1Y">
<data:Obs TIME_PERIOD="2001" OBS_VALUE="1" />
<data:Obs TIME_PERIOD="2002" OBS_VALUE="1" />
<data:Obs TIME_PERIOD="2003" OBS_VALUE="1" />
<data:Obs TIME_PERIOD="2004" OBS_VALUE="1" />
<data:Obs TIME_PERIOD="2005" OBS_VALUE="1" />
<data:Obs TIME_PERIOD="2006" OBS_VALUE="1" />
<data:Obs TIME_PERIOD="2007" OBS_VALUE="1" />
<data:Obs TIME_PERIOD="2008" OBS_VALUE="1" />
</data:Series>
<data:Series FREQ="A" enterpr="AIRP" geo="SK" TIME_FORMAT="P1Y">
<data:Obs TIME_PERIOD="2001" OBS_VALUE="2" />
<data:Obs TIME_PERIOD="2002" OBS_VALUE="2" />
<data:Obs TIME_PERIOD="2003" OBS_VALUE="2" />
<data:Obs TIME_PERIOD="2004" OBS_VALUE="4" />
<data:Obs TIME_PERIOD="2005" OBS_VALUE="6" />
<data:Obs TIME_PERIOD="2006" OBS_VALUE="6" />
<data:Obs TIME_PERIOD="2007" OBS_VALUE="6" />
<data:Obs TIME_PERIOD="2008" OBS_VALUE="5" />
</data:Series>
<data:Series FREQ="A" enterpr="AVIA" geo="BG" TIME_FORMAT="P1Y">
<data:Obs TIME_PERIOD="2007" OBS_VALUE="6" />
<data:Obs TIME_PERIOD="2008" OBS_VALUE="12" />
</data:Series>
<data:Series FREQ="A" enterpr="AVIA" geo="CY" TIME_FORMAT="P1Y">
<data:Obs TIME_PERIOD="2001" OBS_VALUE="3" />
<data:Obs TIME_PERIOD="2002" OBS_VALUE="3" />
<data:Obs TIME_PERIOD="2003" OBS_VALUE="3" />
<data:Obs TIME_PERIOD="2004" OBS_VALUE="3" />
<data:Obs TIME_PERIOD="2005" OBS_VALUE="3" />
<data:Obs TIME_PERIOD="2006" OBS_VALUE="2" />
<data:Obs TIME_PERIOD="2007" OBS_VALUE="2" />
<data:Obs TIME_PERIOD="2008" OBS_VALUE="3" />
</data:Series>
<data:Series FREQ="A" enterpr="AVIA" geo="CZ" TIME_FORMAT="P1Y">
<data:Obs TIME_PERIOD="2001" OBS_VALUE="31" />
<data:Obs TIME_PERIOD="2002" OBS_VALUE="32" />
<data:Obs TIME_PERIOD="2003" OBS_VALUE="32" />
<data:Obs TIME_PERIOD="2004" OBS_VALUE="27" />
</data:Series>
<data:Series FREQ="A" enterpr="AVIA" geo="EE" TIME_FORMAT="P1Y">
<data:Obs TIME_PERIOD="2001" OBS_VALUE="8" />
<data:Obs TIME_PERIOD="2002" OBS_VALUE="10" />
<data:Obs TIME_PERIOD="2003" OBS_VALUE="9" />
<data:Obs TIME_PERIOD="2004" OBS_VALUE="9" />
<data:Obs TIME_PERIOD="2005" OBS_VALUE="7" />
<data:Obs TIME_PERIOD="2006" OBS_VALUE="7" />
<data:Obs TIME_PERIOD="2007" OBS_VALUE="7" />
<data:Obs TIME_PERIOD="2008" OBS_VALUE="8" />
</data:Series>
<data:Series FREQ="A" enterpr="AVIA" geo="FI" TIME_FORMAT="P1Y">
<data:Obs TIME_PERIOD="2008" OBS_VALUE="6" />
</data:Series>
<data:Series FREQ="A" enterpr="AVIA" geo="HR" TIME_FORMAT="P1Y">
<data:Obs TIME_PERIOD="2008" OBS_VALUE="3" />
</data:Series>
<data:Series FREQ="A" enterpr="AVIA" geo="IE" TIME_FORMAT="P1Y">
<data:Obs TIME_PERIOD="2005" OBS_VALUE="5" />
<data:Obs TIME_PERIOD="2006" OBS_VALUE="5" />
</data:Series>
<data:Series FREQ="A" enterpr="AVIA" geo="IS" TIME_FORMAT="P1Y">
<data:Obs TIME_PERIOD="2007" OBS_VALUE="4" />
<data:Obs TIME_PERIOD="2008" OBS_VALUE="4" />
</data:Series>
<data:Series FREQ="A" enterpr="AVIA" geo="LT" TIME_FORMAT="P1Y">
<data:Obs TIME_PERIOD="2003" OBS_VALUE="9" />
<data:Obs TIME_PERIOD="2004" OBS_VALUE="9" />
<data:Obs TIME_PERIOD="2005" OBS_VALUE="9" />
<data:Obs TIME_PERIOD="2006" OBS_VALUE="8" />
<data:Obs TIME_PERIOD="2007" OBS_VALUE="9" />
<data:Obs TIME_PERIOD="2008" OBS_VALUE="9" />
</data:Series>
<data:Series FREQ="A" enterpr="AVIA" geo="LV" TIME_FORMAT="P1Y">
<data:Obs TIME_PERIOD="2001" OBS_VALUE="11" />
<data:Obs TIME_PERIOD="2002" OBS_VALUE="11" />
<data:Obs TIME_PERIOD="2003" OBS_VALUE="11" />
<data:Obs TIME_PERIOD="2004" OBS_VALUE="10" />
<data:Obs TIME_PERIOD="2005" OBS_VALUE="10" />
<data:Obs TIME_PERIOD="2006" OBS_VALUE="17" />
<data:Obs TIME_PERIOD="2007" OBS_VALUE="15" />
<data:Obs TIME_PERIOD="2008" OBS_VALUE="14" />
</data:Series>
<data:Series FREQ="A" enterpr="AVIA" geo="PT" TIME_FORMAT="P1Y">
<data:Obs TIME_PERIOD="2001" OBS_VALUE="9" />
<data:Obs TIME_PERIOD="2002" OBS_VALUE="9" />
<data:Obs TIME_PERIOD="2003" OBS_VALUE="9" />
<data:Obs TIME_PERIOD="2004" OBS_VALUE="9" />
<data:Obs TIME_PERIOD="2008" OBS_VALUE="13" />
</data:Series>
<data:Series FREQ="A" enterpr="AVIA" geo="SE" TIME_FORMAT="P1Y">
<data:Obs TIME_PERIOD="2005" OBS_VALUE="90" />
</data:Series>
<data:Series FREQ="A" enterpr="AVIA" geo="SI" TIME_FORMAT="P1Y">
<data:Obs TIME_PERIOD="2001" OBS_VALUE="1" />
<data:Obs TIME_PERIOD="2002" OBS_VALUE="1" />
<data:Obs TIME_PERIOD="2003" OBS_VALUE="1" />
<data:Obs TIME_PERIOD="2004" OBS_VALUE="1" />
<data:Obs TIME_PERIOD="2005" OBS_VALUE="1" />
<data:Obs TIME_PERIOD="2006" OBS_VALUE="1" />
<data:Obs TIME_PERIOD="2007" OBS_VALUE="1" />
<data:Obs TIME_PERIOD="2008" OBS_VALUE="1" />
</data:Series>
<data:Series FREQ="A" enterpr="AVIA" geo="SK" TIME_FORMAT="P1Y">
<data:Obs TIME_PERIOD="2001" OBS_VALUE="8" />
<data:Obs TIME_PERIOD="2002" OBS_VALUE="6" />
<data:Obs TIME_PERIOD="2003" OBS_VALUE="10" />
<data:Obs TIME_PERIOD="2004" OBS_VALUE="10" />
<data:Obs TIME_PERIOD="2005" OBS_VALUE="10" />
<data:Obs TIME_PERIOD="2006" OBS_VALUE="11" />
<data:Obs TIME_PERIOD="2007" OBS_VALUE="18" />
<data:Obs TIME_PERIOD="2008" OBS_VALUE="12" />
</data:Series>
</data:DataSet>
</CompactData>