<?xml version="1.0" encoding="UTF-8"?>
<Structure xmlns="http://www.SDMX.org/resources/SDMXML/schemas/v2_0/message" xmlns:common="http://www.SDMX.org/resources/SDMXML/schemas/v2_0/common" xmlns:compact="http://www.SDMX.org/resources/SDMXML/schemas/v2_0/compact" xmlns:cross="http://www.SDMX.org/resources/SDMXML/schemas/v2_0/cross" xmlns:generic="http://www.SDMX.org/resources/SDMXML/schemas/v2_0/generic" xmlns:query="http://www.SDMX.org/resources/SDMXML/schemas/v2_0/query" xmlns:structure="http://www.SDMX.org/resources/SDMXML/schemas/v2_0/structure" xmlns:utility="http://www.SDMX.org/resources/SDMXML/schemas/v2_0/utility" xmlns:xsi="http://www.w3.org/2001/XMLSchema-instance" xsi:schemaLocation="http://www.SDMX.org/resources/SDMXML/schemas/v2_0/message SDMXMessage.xsd">
<Header>
<ID>apro_cpb_cerea_DSD</ID>
<Test>false</Test>
<Truncated>false</Truncated>
<Name xml:lang="en">apro_cpb_cerea_DSD</Name>
<Prepared>2011-08-17T10:04:09</Prepared>
<Sender id="EUROSTAT">
<Name xml:lang="en">EUROSTAT</Name>
</Sender>
<Receiver id="XML">
<Name xml:lang="en">XML File</Name>
</Receiver>
</Header>

<CodeLists>
<structure:CodeList id="CL_PROD_BAL" agencyID="EUROSTAT" isFinal="false">
<structure:Name xml:lang="en">Balance of agricultural production</structure:Name>
<structure:Name xml:lang="de">Bilanz der Agrarproduktion</structure:Name>
<structure:Name xml:lang="fr">Balance de la production agricole</structure:Name>
<structure:Code value="B1100">
<structure:Description xml:lang="en">Cereals - Total</structure:Description>
<structure:Description xml:lang="de">Getreide - Insgesamt</structure:Description>
<structure:Description xml:lang="fr">Céréales - Total</structure:Description>
</structure:Code>
<structure:Code value="B1110">
<structure:Description xml:lang="en">Wheat - Total</structure:Description>
<structure:Description xml:lang="de">Weizen - Insgesamt</structure:Description>
<structure:Description xml:lang="fr">Blé - Total</structure:Description>
</structure:Code>
<structure:Code value="B1111">
<structure:Description xml:lang="en">Common wheat</structure:Description>
<structure:Description xml:lang="de">Weichweizen</structure:Description>
<structure:Description xml:lang="fr">Blé tendre</structure:Description>
</structure:Code>
<structure:Code value="B1112">
<structure:Description xml:lang="en">Durum wheat (Triticum durum)</structure:Description>
<structure:Description xml:lang="de">Hartweizen (Triticum durum)</structure:Description>
<structure:Description xml:lang="fr">Blé dur (Triticum durum)</structure:Description>
</structure:Code>
<structure:Code value="B1120">
<structure:Description xml:lang="en">Cereals other than wheat</structure:Description>
<structure:Description xml:lang="de">Getreide außer Weizen</structure:Description>
<structure:Description xml:lang="fr">Céréales autres que blé</structure:Description>
</structure:Code>
<structure:Code value="B1121">
<structure:Description xml:lang="en">Rye and maslin</structure:Description>
<structure:Description xml:lang="de">Roggen und Wintermenggetreide</structure:Description>
<structure:Description xml:lang="fr">Seigle et méteil</structure:Description>
</structure:Code>
<structure:Code value="B1122">
<structure:Description xml:lang="en">Barley</structure:Description>
<structure:Description xml:lang="de">Gerste</structure:Description>
<structure:Description xml:lang="fr">Orge</structure:Description>
</structure:Code>
<structure:Code value="B1123">
<structure:Description xml:lang="en">Oats and mixed grains other than maslin</structure:Description>
<structure:Description xml:lang="de">Hafer und Sommermenggetreide</structure:Description>
<structure:Description xml:lang="fr">Avoine et mélange de céréales d'été</structure:Description>
</structure:Code>
<structure:Code value="B1124">
<structure:Description xml:lang="en">Maize</structure:Description>
<structure:Description xml:lang="de">Körnermais</structure:Description>
<structure:Description xml:lang="fr">Mais</structure:Description>
</structure:Code>
<structure:Code value="B1125">
<structure:Description xml:lang="en">Triticale</structure:Description>
<structure:Description xml:lang="de">Triticale</structure:Description>
<structure:Description xml:lang="fr">Triticale</structure:Description>
</structure:Code>
<structure:Code value="B1129">
<structure:Description xml:lang="en">Cereals n.e.s. (inluding sorghum)</structure:Description>
<structure:Description xml:lang="de">Getreide a.n.g. (einschließlich Sorghum)</structure:Description>
<structure:Description xml:lang="fr">Céréales n.d.a.(y compris sorgho)</structure:Description>
</structure:Code>
<structure:Code value="B1130">
<structure:Description xml:lang="en">Cereals - Total, farm</structure:Description>
<structure:Description xml:lang="de">Getreide - Insgesamt, Hof</structure:Description>
<structure:Description xml:lang="fr">Céréales - Total, ferme</structure:Description>
</structure:Code>
<structure:Code value="B1140">
<structure:Description xml:lang="en">Wheat - Total, farm</structure:Description>
<structure:Description xml:lang="de">Weizen - Insgesamt, Hof</structure:Description>
<structure:Description xml:lang="fr">Blé - Total, ferme</structure:Description>
</structure:Code>
<structure:Code value="B1141">
<structure:Description xml:lang="en">Common wheat, farm</structure:Description>
<structure:Description xml:lang="de">Weichweizen, Hof</structure:Description>
<structure:Description xml:lang="fr">Blé tendre, ferme</structure:Description>
</structure:Code>
<structure:Code value="B1142">
<structure:Description xml:lang="en">Durum wheat (Triticum durum), farm</structure:Description>
<structure:Description xml:lang="de">Hartweizen (Triticum durum), Hof</structure:Description>
<structure:Description xml:lang="fr">Blé dur (Triticum durum), ferme</structure:Description>
</structure:Code>
<structure:Code value="B1150">
<structure:Description xml:lang="en">Cereals other than wheat, farm</structure:Description>
<structure:Description xml:lang="de">Getreide außer Weizen, Hof</structure:Description>
<structure:Description xml:lang="fr">Céréales autres que blé, ferme</structure:Description>
</structure:Code>
<structure:Code value="B1151">
<structure:Description xml:lang="en">Rye and maslin, farm</structure:Description>
<structure:Description xml:lang="de">Roggen und Wintermenggetreide, Hof</structure:Description>
<structure:Description xml:lang="fr">Seigle et méteil, ferme</structure:Description>
</structure:Code>
<structure:Code value="B1152">
<structure:Description xml:lang="en">Barley, farm</structure:Description>
<structure:Description xml:lang="de">Gerste, Hof</structure:Description>
<structure:Description xml:lang="fr">Orge, ferme</structure:Description>
</structure:Code>
<structure:Code value="B1153">
<structure:Description xml:lang="en">Oats and mixed grains other than maslin, farm )</structure:Description>
<structure:Description xml:lang="de">Hafer und Sommermenggetreide, Hof</structure:Description>
<structure:Description xml:lang="fr">Avoine et mélange de céréales d'été, ferme</structure:Description>
</structure:Code>
<structure:Code value="B1154">
<structure:Description xml:lang="en">Maize, farm</structure:Description>
<structure:Description xml:lang="de">Körnermais, Hof</structure:Description>
<structure:Description xml:lang="fr">Maïs, ferme</structure:Description>
</structure:Code>
<structure:Code value="B1155">
<structure:Description xml:lang="en">Triticale, farm</structure:Description>
<structure:Description xml:lang="de">Triticale, Hof</structure:Description>
<structure:Description xml:lang="fr">Triticale, ferme</structure:Description>
</structure:Code>
<structure:Code value="B1159">
<structure:Description xml:lang="en">Cereals n.e.s. (inluding sorghum), farm</structure:Description>
<structure:Description xml:lang="de">Getreide a.n.g. (einschließlich Sorghum), Hof</structure:Description>
<structure:Description xml:lang="fr">Céréales n.d.a.(y compris sorgho), ferme</structure:Description>
</structure:Code>
<structure:Code value="B1160">
<structure:Description xml:lang="en">Cereals - Total, market</structure:Description>
<structure:Description xml:lang="de">Getreide - Insgesamt, Markt</structure:Description>
<structure:Description xml:lang="fr">Céréales - Total, marché</structure:Description>
</structure:Code>
<structure:Code value="B1170">
<structure:Description xml:lang="en">Wheat - Total, market</structure:Description>
<structure:Description xml:lang="de">Weizen - Insgesamt, Markt</structure:Description>
<structure:Description xml:lang="fr">Blé - Total, marché</structure:Description>
</structure:Code>
<structure:Code value="B1171">
<structure:Description xml:lang="en">Common wheat, market</structure:Description>
<structure:Description xml:lang="de">Weichweizen, Markt</structure:Description>
<structure:Description xml:lang="fr">Blé tendre, marché</structure:Description>
</structure:Code>
<structure:Code value="B1172">
<structure:Description xml:lang="en">Durum wheat (Triticum durum), market</structure:Description>
<structure:Description xml:lang="de">Hartweizen (Triticum durum), Markt</structure:Description>
<structure:Description xml:lang="fr">Blé dur (Triticum durum), marché</structure:Description>
</structure:Code>
<structure:Code value="B1180">
<structure:Description xml:lang="en">Cereals other than wheat, market</structure:Description>
<structure:Description xml:lang="de">Getreide außer Weizen, Markt</structure:Description>
<structure:Description xml:lang="fr">Céréales autres que blé, marché</structure:Description>
</structure:Code>
<structure:Code value="B1181">
<structure:Description xml:lang="en">Rye and maslin, market</structure:Description>
<structure:Description xml:lang="de">Roggen und Wintermenggetreide, Markt</structure:Description>
<structure:Description xml:lang="fr">Seigle et méteil, marché</structure:Description>
</structure:Code>
<structure:Code value="B1182">
<structure:Description xml:lang="en">Barley, market</structure:Description>
<structure:Description xml:lang="de">Gerste, Markt</structure:Description>
<structure:Description xml:lang="fr">Orge, marché</structure:Description>
</structure:Code>
<structure:Code value="B1183">
<structure:Description xml:lang="en">Oats and mixed grains other than maslin, market</structure:Description>
<structure:Description xml:lang="de">Hafer und Sommermenggetreide, Markt</structure:Description>
<structure:Description xml:lang="fr">Avoine et mélange de céréales d'été, marché</structure:Description>
</structure:Code>
<structure:Code value="B1184">
<structure:Description xml:lang="en">Maize, market</structure:Description>
<structure:Description xml:lang="de">Körnermais, Markt</structure:Description>
<structure:Description xml:lang="fr">Maïs, marché</structure:Description>
</structure:Code>
<structure:Code value="B1185">
<structure:Description xml:lang="en">Triticale, market</structure:Description>
<structure:Description xml:lang="de">Triticale, Markt</structure:Description>
<structure:Description xml:lang="fr">Triticale, marché</structure:Description>
</structure:Code>
<structure:Code value="B1189">
<structure:Description xml:lang="en">Cereals n.e.s. (inluding sorghum), market</structure:Description>
<structure:Description xml:lang="de">Getreide a.n.g. (einschließlich Sorghum), Markt</structure:Description>
<structure:Description xml:lang="fr">Céréales n.d.a.(y compris sorgho), marché</structure:Description>
</structure:Code>
</structure:CodeList>
<structure:CodeList id="CL_BAL_ITEM" agencyID="EUROSTAT" isFinal="false">
<structure:Name xml:lang="en">Balance item</structure:Name>
<structure:Name xml:lang="de">Bilanzpost</structure:Name>
<structure:Name xml:lang="fr">Poste de bilan</structure:Name>
<structure:Code value="12">
<structure:Description xml:lang="en">Usable production (1000 t)</structure:Description>
<structure:Description xml:lang="de">Verwendbare Erzeugung (1000 t)</structure:Description>
<structure:Description xml:lang="fr">Production utilisable (1000 t)</structure:Description>
</structure:Code>
<structure:Code value="20">
<structure:Description xml:lang="en">Total imports (for EUR : imports from third countries) (1000 t)</structure:Description>
<structure:Description xml:lang="de">Einfuhr insgesamt (für die EU : Einfuhr aus Drittländern) (1000 t)</structure:Description>
<structure:Description xml:lang="fr">Importations totales (pour UE : importations des pays tiers) (1000 t)</structure:Description>
</structure:Code>
<structure:Code value="21">
<structure:Description xml:lang="en">Imports from EU-9 (for EU : intra-EU exchanges) (1000 t)</structure:Description>
<structure:Description xml:lang="de">Einfuhr aus der EU-9 (für die EU :EU-Binnenhandel) (1000 t)</structure:Description>
<structure:Description xml:lang="fr">Importations de UE-9 (pour UE : échanges intra-UE) (1000 t)</structure:Description>
</structure:Code>
<structure:Code value="23">
<structure:Description xml:lang="en">Imports from EU-10 (for EU : intra-EU exchanges) (1000 t)</structure:Description>
<structure:Description xml:lang="de">Einfuhr aus der EU-10 (für die EU : EU-Binnenhandel) (1000 t)</structure:Description>
<structure:Description xml:lang="fr">Importations de UE-10 (pour UE : échanges intra-UE) (1000 t)</structure:Description>
</structure:Code>
<structure:Code value="24">
<structure:Description xml:lang="en">Imports from EU-12 (for EU : intra-EU exchanges) (1000 t)</structure:Description>
<structure:Description xml:lang="de">Einfuhr aus der EU-12 (für die EU : EU-Binnenhandel) (1000 t)</structure:Description>
<structure:Description xml:lang="fr">Importations de UE-12 (pour UE : échanges intra-UE) (1000 t)</structure:Description>
</structure:Code>
<structure:Code value="25">
<structure:Description xml:lang="en">Imports from EU-15 (for EU: intra-EU exchanges) (1000 t)</structure:Description>
<structure:Description xml:lang="de">Einfuhr aus der EU-15 (für die EU: EU-Binnenhandel) (1000 t)</structure:Description>
<structure:Description xml:lang="fr">Importations de UE-15 (pour UE : échanges intra-UE) (1000 t)</structure:Description>
</structure:Code>
<structure:Code value="26">
<structure:Description xml:lang="en">Imports from EU (1000 t)</structure:Description>
<structure:Description xml:lang="de">Einfuhr aus EU (1000 t)</structure:Description>
<structure:Description xml:lang="fr">Importations de UE (1000 t)</structure:Description>
</structure:Code>
<structure:Code value="30">
<structure:Description xml:lang="en">Total exports (for EUR : Exports to third countries) (1000 t)</structure:Description>
<structure:Description xml:lang="de">Ausfuhr insgesamt (für die EU : Ausfuhr nach Drittländern) (1000 t)</structure:Description>
<structure:Description xml:lang="fr">Exportations totales (pour UE : exportations vers les pays tiers) (1000 t)</structure:Description>
</structure:Code>
<structure:Code value="31">
<structure:Description xml:lang="en">Exports to EU-9 (individual countries only) (1000 t)</structure:Description>
<structure:Description xml:lang="de">Ausfuhr in die EU-9 (je nach Land) (1000 t)</structure:Description>
<structure:Description xml:lang="fr">Exportations vers UE-9 (seulement par pays) (1000 t)</structure:Description>
</structure:Code>
<structure:Code value="33">
<structure:Description xml:lang="en">Exports to EU-10 (individual countries only) (1000 t)</structure:Description>
<structure:Description xml:lang="de">Ausfuhr in die EU-10 (je nach Land) (1000 t)</structure:Description>
<structure:Description xml:lang="fr">Exportations vers UE-10 (seulement par pays) (1000 t)</structure:Description>
</structure:Code>
<structure:Code value="34">
<structure:Description xml:lang="en">Exports to EU-12 (individual countries only) (1000 t)</structure:Description>
<structure:Description xml:lang="de">Ausfuhr in die EU-12 (je nach Land) (1000 t)</structure:Description>
<structure:Description xml:lang="fr">Exportations vers UE-12 (seulement par pays) (1000 t)</structure:Description>
</structure:Code>
<structure:Code value="35">
<structure:Description xml:lang="en">Exports to EU-15 (individual countries only) (1000 t)</structure:Description>
<structure:Description xml:lang="de">Ausfuhr in die EU-15 (je nach Land) (1000 t)</structure:Description>
<structure:Description xml:lang="fr">Exportations vers UE-15 (seulement par pays) (1000 t)</structure:Description>
</structure:Code>
<structure:Code value="36">
<structure:Description xml:lang="en">Exports to EU (1000 t)</structure:Description>
<structure:Description xml:lang="de">Ausfuhr nach EU (1000 t)</structure:Description>
<structure:Description xml:lang="fr">Exportations vers UE (1000 t)</structure:Description>
</structure:Code>
<structure:Code value="40">
<structure:Description xml:lang="en">Final stocks (1000 t)</structure:Description>
<structure:Description xml:lang="de">Endbestände (1000 t)</structure:Description>
<structure:Description xml:lang="fr">Stocks finals (1000 t)</structure:Description>
</structure:Code>
<structure:Code value="42">
<structure:Description xml:lang="en">Final stocks : market (1000 t)</structure:Description>
<structure:Description xml:lang="de">Endbestände : Markt (1000 t)</structure:Description>
<structure:Description xml:lang="fr">Stocks finals : marché (1000 t)</structure:Description>
</structure:Code>
<structure:Code value="45">
<structure:Description xml:lang="en">Change in stocks (1000 t)</structure:Description>
<structure:Description xml:lang="de">Bestandsveränderungen (1000 t)</structure:Description>
<structure:Description xml:lang="fr">Variation des stocks (1000 t)</structure:Description>
</structure:Code>
<structure:Code value="47">
<structure:Description xml:lang="en">Change in stocks : market (1000 t)</structure:Description>
<structure:Description xml:lang="de">Bestandsveränderungen : Markt (1000 t)</structure:Description>
<structure:Description xml:lang="fr">Variation des stocks : marché (1000 t)</structure:Description>
</structure:Code>
<structure:Code value="50">
<structure:Description xml:lang="en">Total domestic uses (1000 t)</structure:Description>
<structure:Description xml:lang="de">Inlandsverwendung insgesamt (1000 t)</structure:Description>
<structure:Description xml:lang="fr">Utilisation intérieure totale (1000 t)</structure:Description>
</structure:Code>
<structure:Code value="51">
<structure:Description xml:lang="en">Seed - total (1000 t)</structure:Description>
<structure:Description xml:lang="de">Saatgut - insgesamt (1000 t)</structure:Description>
<structure:Description xml:lang="fr">Semences - total (1000 t)</structure:Description>
</structure:Code>
<structure:Code value="52">
<structure:Description xml:lang="en">Seed (farm) (1000 t)</structure:Description>
<structure:Description xml:lang="de">Saatgut (Hof) (1000 t)</structure:Description>
<structure:Description xml:lang="fr">Semences (ferme) (1000 t)</structure:Description>
</structure:Code>
<structure:Code value="53">
<structure:Description xml:lang="en">Losses (1000 t)</structure:Description>
<structure:Description xml:lang="de">Verluste (1000 t)</structure:Description>
<structure:Description xml:lang="fr">Pertes (1000 t)</structure:Description>
</structure:Code>
<structure:Code value="54">
<structure:Description xml:lang="en">Losses - farm (1000 t)</structure:Description>
<structure:Description xml:lang="de">Verluste - Hof (1000 t)</structure:Description>
<structure:Description xml:lang="fr">Pertes - ferme (1000 t)</structure:Description>
</structure:Code>
<structure:Code value="55">
<structure:Description xml:lang="en">Animal feed (1000 t)</structure:Description>
<structure:Description xml:lang="de">Futtermittel (1000 t)</structure:Description>
<structure:Description xml:lang="fr">Alimentation animale (1000 t)</structure:Description>
</structure:Code>
<structure:Code value="56">
<structure:Description xml:lang="en">Animal feed of indigenous origin (only members states) (1000 t)</structure:Description>
<structure:Description xml:lang="de">Futtermittel inlandischer Herkunft (nur Mitgliedsstaaten) (1000 t)</structure:Description>
<structure:Description xml:lang="fr">Alimentation animale d'origine indigène (uniquement Etats-membres) (1000 t)</structure:Description>
</structure:Code>
<structure:Code value="57">
<structure:Description xml:lang="en">Animal feed for farm use - farm</structure:Description>
<structure:Description xml:lang="de">Futtermittel - Hof</structure:Description>
<structure:Description xml:lang="fr">Alimentation animale - ferme</structure:Description>
</structure:Code>
<structure:Code value="58">
<structure:Description xml:lang="en">Total intra-EU imports of animal feed of Community origin (1000 t)</structure:Description>
<structure:Description xml:lang="de">EU-Einfuhr (innerhalb der EU) insgesamt von Futter gemeinschaftlicher Herkunft (1000 t)</structure:Description>
<structure:Description xml:lang="fr">Total des importations intra-UE de l'alimentation animale d'origine communautaire (1000 t)</structure:Description>
</structure:Code>
<structure:Code value="60">
<structure:Description xml:lang="en">Industrial uses (1000 t)</structure:Description>
<structure:Description xml:lang="de">Industrielle Verwertung (1000 t)</structure:Description>
<structure:Description xml:lang="fr">Usages industriels (1000 t)</structure:Description>
</structure:Code>
<structure:Code value="61">
<structure:Description xml:lang="en">Industrial uses : alcohol (1000 t)</structure:Description>
<structure:Description xml:lang="de">Industrielle Verwertung : Alkohol (1000 t)</structure:Description>
<structure:Description xml:lang="fr">Usages industriels : alcool (1000 t)</structure:Description>
</structure:Code>
<structure:Code value="62">
<structure:Description xml:lang="en">Industrial uses : beer (1000 t)</structure:Description>
<structure:Description xml:lang="de">Industrielle Verwertung : Bier (1000 t)</structure:Description>
<structure:Description xml:lang="fr">Usages industriels : bière (1000 t)</structure:Description>
</structure:Code>
<structure:Code value="65">
<structure:Description xml:lang="en">Processing (1000 t)</structure:Description>
<structure:Description xml:lang="de">Verarbeitung (1000 t)</structure:Description>
<structure:Description xml:lang="fr">Transformation (1000 t)</structure:Description>
</structure:Code>
<structure:Code value="67">
<structure:Description xml:lang="en">Agricultural sales (balance sheet 'farm') (1000 t)</structure:Description>
<structure:Description xml:lang="de">Landwirtschaftliche Verkäufe (Bilanz 'Hof') (1000 t)</structure:Description>
<structure:Description xml:lang="fr">Vente de l'agriculture (bilans 'ferme') (1000 t)</structure:Description>
</structure:Code>
<structure:Code value="69">
<structure:Description xml:lang="en">Bought from farm (balance-sheet 'market') (1000 t)</structure:Description>
<structure:Description xml:lang="de">Einkäufe bei der Landwirtschaft (Marktbilanz) (1000 t)</structure:Description>
<structure:Description xml:lang="fr">Achats à l'agriculture (bilans 'marché') (1000 t)</structure:Description>
</structure:Code>
<structure:Code value="70">
<structure:Description xml:lang="en">Gross human consumption (1000 t)</structure:Description>
<structure:Description xml:lang="de">Bruttonahrungsverbrauch (1000 t)</structure:Description>
<structure:Description xml:lang="fr">Consommation humaine brute (1000 t)</structure:Description>
</structure:Code>
<structure:Code value="71">
<structure:Description xml:lang="en">Net human consumption (flour equivalent) (1000 t)</structure:Description>
<structure:Description xml:lang="de">Nettonahrungsverbrauch (Mehl-Äquivalent) (1000 t)</structure:Description>
<structure:Description xml:lang="fr">Consommation humaine nette (équivalent farine) (1000 t)</structure:Description>
</structure:Code>
<structure:Code value="72">
<structure:Description xml:lang="en">Gross human consumption ('farm' balance-sheet) (1000 t)</structure:Description>
<structure:Description xml:lang="de">Bruttonahrungsverbrauch (Bilanz 'Hof' ) (1000 t)</structure:Description>
<structure:Description xml:lang="fr">Consommation humaine brute (bilans 'ferme') (1000 t)</structure:Description>
</structure:Code>
<structure:Code value="80">
<structure:Description xml:lang="en">Degree of self-sufficiency (%)</structure:Description>
<structure:Description xml:lang="de">Grad der Selbstversorgung (%)</structure:Description>
<structure:Description xml:lang="fr">Taux d'auto-approvisionnement (%)</structure:Description>
</structure:Code>
<structure:Code value="90">
<structure:Description xml:lang="en">Gross human consumption per capita (kg/head)</structure:Description>
<structure:Description xml:lang="de">Bruttonahrungsverbrauch pro Kopf (kg/Kopf)</structure:Description>
<structure:Description xml:lang="fr">Consommation humaine brute par tête (kg/tête)</structure:Description>
</structure:Code>
<structure:Code value="91">
<structure:Description xml:lang="en">Net human consumption per capita (flour equivalent) (kg/head)</structure:Description>
<structure:Description xml:lang="de">Nettonahrungsverbrauch pro Kopf (Mehläquivalent) (kg/Kopf)</structure:Description>
<structure:Description xml:lang="fr">Consommation humaine nette par tête (équivalent farine) (kg/tête)</structure:Description>
</structure:Code>
<structure:Code value="94">
<structure:Description xml:lang="en">Total self-consumption ('farm' balance-sheet) (1000 t)</structure:Description>
<structure:Description xml:lang="de">Eigenverbrauch insgesamt (Bilanz 'Hof') (1000 t)</structure:Description>
<structure:Description xml:lang="fr">Total de l'auto-consommation (bilans 'ferme') (1000 t)</structure:Description>
</structure:Code>
<structure:Code value="99">
<structure:Description xml:lang="en">Resources = uses (1000 t)</structure:Description>
<structure:Description xml:lang="de">Aufkommen = Verwendung (1000 t)</structure:Description>
<structure:Description xml:lang="fr">Ressources = emplois (1000 t)</structure:Description>
</structure:Code>
</structure:CodeList>
<structure:CodeList id="CL_GEO" agencyID="EUROSTAT" isFinal="false">
<structure:Name xml:lang="en">Geopolitical entity (declaring)</structure:Name>
<structure:Name xml:lang="de">Geopolitische Meldeeinheit</structure:Name>
<structure:Name xml:lang="fr">Entité géopolitique (déclarante)</structure:Name>
<structure:Code value="EU27">
<structure:Description xml:lang="en">European Union (27 countries)</structure:Description>
<structure:Description xml:lang="de">Europäische Union (27 Länder)</structure:Description>
<structure:Description xml:lang="fr">Union européenne (27 pays)</structure:Description>
</structure:Code>
<structure:Code value="EU25">
<structure:Description xml:lang="en">European Union (25 countries)</structure:Description>
<structure:Description xml:lang="de">Europäische Union (25 Länder)</structure:Description>
<structure:Description xml:lang="fr">Union européenne (25 pays)</structure:Description>
</structure:Code>
<structure:Code value="EU15">
<structure:Description xml:lang="en">European Union (15 countries)</structure:Description>
<structure:Description xml:lang="de">Europäische Union (15 Länder)</structure:Description>
<structure:Description xml:lang="fr">Union européenne (15 pays)</structure:Description>
</structure:Code>
<structure:Code value="EU12">
<structure:Description xml:lang="en">European Community (12 countries)</structure:Description>
<structure:Description xml:lang="de">Europäische Gemeinschaft (12 Länder)</structure:Description>
<structure:Description xml:lang="fr">Communauté européenne (12 pays)</structure:Description>
</structure:Code>
<structure:Code value="EU10">
<structure:Description xml:lang="en">European Community (10 countries)</structure:Description>
<structure:Description xml:lang="de">Europäische Gemeinschaft (10 Länder)</structure:Description>
<structure:Description xml:lang="fr">Communauté européenne (10 pays)</structure:Description>
</structure:Code>
<structure:Code value="EU9">
<structure:Description xml:lang="en">European Community (9 countries)</structure:Description>
<structure:Description xml:lang="de">Europäische Gemeinschaft (9 Länder)</structure:Description>
<structure:Description xml:lang="fr">Communauté européenne (9 pays)</structure:Description>
</structure:Code>
<structure:Code value="BE">
<structure:Description xml:lang="en">Belgium</structure:Description>
<structure:Description xml:lang="de">Belgien</structure:Description>
<structure:Description xml:lang="fr">Belgique</structure:Description>
</structure:Code>
<structure:Code value="BG">
<structure:Description xml:lang="en">Bulgaria</structure:Description>
<structure:Description xml:lang="de">Bulgarien</structure:Description>
<structure:Description xml:lang="fr">Bulgarie</structure:Description>
</structure:Code>
<structure:Code value="CZ">
<structure:Description xml:lang="en">Czech Republic</structure:Description>
<structure:Description xml:lang="de">Tschechische Republik</structure:Description>
<structure:Description xml:lang="fr">République tchèque</structure:Description>
</structure:Code>
<structure:Code value="DK">
<structure:Description xml:lang="en">Denmark</structure:Description>
<structure:Description xml:lang="de">Dänemark</structure:Description>
<structure:Description xml:lang="fr">Danemark</structure:Description>
</structure:Code>
<structure:Code value="DE">
<structure:Description xml:lang="en">Germany (including  former GDR from 1991)</structure:Description>
<structure:Description xml:lang="de">Deutschland (einschließlich der ehemaligen DDR seit 1991)</structure:Description>
<structure:Description xml:lang="fr">Allemagne (incluant l'ancienne RDA à partir de 1991)</structure:Description>
</structure:Code>
<structure:Code value="DEW">
<structure:Description xml:lang="en">Federal Republic of Germany (except former GDR)</structure:Description>
<structure:Description xml:lang="de">Bundesrepublik Deutschland (ohne die ehemalige DDR)</structure:Description>
<structure:Description xml:lang="fr">République fédérale d'Allemagne (excepté l'ancienne RDA)</structure:Description>
</structure:Code>
<structure:Code value="EE">
<structure:Description xml:lang="en">Estonia</structure:Description>
<structure:Description xml:lang="de">Estland</structure:Description>
<structure:Description xml:lang="fr">Estonie</structure:Description>
</structure:Code>
<structure:Code value="IE">
<structure:Description xml:lang="en">Ireland</structure:Description>
<structure:Description xml:lang="de">Irland</structure:Description>
<structure:Description xml:lang="fr">Irlande</structure:Description>
</structure:Code>
<structure:Code value="GR">
<structure:Description xml:lang="en">Greece</structure:Description>
<structure:Description xml:lang="de">Griechenland</structure:Description>
<structure:Description xml:lang="fr">Grèce</structure:Description>
</structure:Code>
<structure:Code value="ES">
<structure:Description xml:lang="en">Spain</structure:Description>
<structure:Description xml:lang="de">Spanien</structure:Description>
<structure:Description xml:lang="fr">Espagne</structure:Description>
</structure:Code>
<structure:Code value="FR">
<structure:Description xml:lang="en">France</structure:Description>
<structure:Description xml:lang="de">Frankreich</structure:Description>
<structure:Description xml:lang="fr">France</structure:Description>
</structure:Code>
<structure:Code value="IT">
<structure:Description xml:lang="en">Italy</structure:Description>
<structure:Description xml:lang="de">Italien</structure:Description>
<structure:Description xml:lang="fr">Italie</structure:Description>
</structure:Code>
<structure:Code value="LV">
<structure:Description xml:lang="en">Latvia</structure:Description>
<structure:Description xml:lang="de">Lettland</structure:Description>
<structure:Description xml:lang="fr">Lettonie</structure:Description>
</structure:Code>
<structure:Code value="LT">
<structure:Description xml:lang="en">Lithuania</structure:Description>
<structure:Description xml:lang="de">Litauen</structure:Description>
<structure:Description xml:lang="fr">Lituanie</structure:Description>
</structure:Code>
<structure:Code value="LU">
<structure:Description xml:lang="en">Luxembourg</structure:Description>
<structure:Description xml:lang="de">Luxemburg</structure:Description>
<structure:Description xml:lang="fr">Luxembourg</structure:Description>
</structure:Code>
<structure:Code value="HU">
<structure:Description xml:lang="en">Hungary</structure:Description>
<structure:Description xml:lang="de">Ungarn</structure:Description>
<structure:Description xml:lang="fr">Hongrie</structure:Description>
</structure:Code>
<structure:Code value="MT">
<structure:Description xml:lang="en">Malta</structure:Description>
<structure:Description xml:lang="de">Malta</structure:Description>
<structure:Description xml:lang="fr">Malte</structure:Description>
</structure:Code>
<structure:Code value="NL">
<structure:Description xml:lang="en">Netherlands</structure:Description>
<structure:Description xml:lang="de">Niederlande</structure:Description>
<structure:Description xml:lang="fr">Pays-Bas</structure:Description>
</structure:Code>
<structure:Code value="AT">
<structure:Description xml:lang="en">Austria</structure:Description>
<structure:Description xml:lang="de">Österreich</structure:Description>
<structure:Description xml:lang="fr">Autriche</structure:Description>
</structure:Code>
<structure:Code value="PL">
<structure:Description xml:lang="en">Poland</structure:Description>
<structure:Description xml:lang="de">Polen</structure:Description>
<structure:Description xml:lang="fr">Pologne</structure:Description>
</structure:Code>
<structure:Code value="PT">
<structure:Description xml:lang="en">Portugal</structure:Description>
<structure:Description xml:lang="de">Portugal</structure:Description>
<structure:Description xml:lang="fr">Portugal</structure:Description>
</structure:Code>
<structure:Code value="RO">
<structure:Description xml:lang="en">Romania</structure:Description>
<structure:Description xml:lang="de">Rumänien</structure:Description>
<structure:Description xml:lang="fr">Roumanie</structure:Description>
</structure:Code>
<structure:Code value="SI">
<structure:Description xml:lang="en">Slovenia</structure:Description>
<structure:Description xml:lang="de">Slowenien</structure:Description>
<structure:Description xml:lang="fr">Slovénie</structure:Description>
</structure:Code>
<structure:Code value="SK">
<structure:Description xml:lang="en">Slovakia</structure:Description>
<structure:Description xml:lang="de">Slowakei</structure:Description>
<structure:Description xml:lang="fr">Slovaquie</structure:Description>
</structure:Code>
<structure:Code value="FI">
<structure:Description xml:lang="en">Finland</structure:Description>
<structure:Description xml:lang="de">Finnland</structure:Description>
<structure:Description xml:lang="fr">Finlande</structure:Description>
</structure:Code>
<structure:Code value="SE">
<structure:Description xml:lang="en">Sweden</structure:Description>
<structure:Description xml:lang="de">Schweden</structure:Description>
<structure:Description xml:lang="fr">Suède</structure:Description>
</structure:Code>
<structure:Code value="UK">
<structure:Description xml:lang="en">United Kingdom</structure:Description>
<structure:Description xml:lang="de">Vereinigtes Königreich</structure:Description>
<structure:Description xml:lang="fr">Royaume-Uni</structure:Description>
</structure:Code>
<structure:Code value="BLEU">
<structure:Description xml:lang="en">Belgo-Luxembourg Economic Union</structure:Description>
<structure:Description xml:lang="de">Belgisch-Luxemburgische Wirtschaftsunion</structure:Description>
<structure:Description xml:lang="fr">Union Economique Belgo-Luxembourgeoise</structure:Description>
</structure:Code>
<structure:Code value="HR">
<structure:Description xml:lang="en">Croatia</structure:Description>
<structure:Description xml:lang="de">Kroatien</structure:Description>
<structure:Description xml:lang="fr">Croatie</structure:Description>
</structure:Code>
<structure:Code value="MK">
<structure:Description xml:lang="en">Former Yugoslav Republic of Macedonia, the</structure:Description>
<structure:Description xml:lang="de">Die ehemalige jugoslawische Republik Mazedonien</structure:Description>
<structure:Description xml:lang="fr">Ancienne République yougoslave de Macédoine</structure:Description>
</structure:Code>
<structure:Code value="TR">
<structure:Description xml:lang="en">Turkey</structure:Description>
<structure:Description xml:lang="de">Türkei</structure:Description>
<structure:Description xml:lang="fr">Turquie</structure:Description>
</structure:Code>
<structure:Code value="AL">
<structure:Description xml:lang="en">Albania</structure:Description>
<structure:Description xml:lang="de">Albanien</structure:Description>
<structure:Description xml:lang="fr">Albanie</structure:Description>
</structure:Code>
<structure:Code value="BA">
<structure:Description xml:lang="en">Bosnia and Herzegovina</structure:Description>
<structure:Description xml:lang="de">Bosnien und Herzegowina</structure:Description>
<structure:Description xml:lang="fr">Bosnie-et-Herzégovine</structure:Description>
</structure:Code>
</structure:CodeList>
<structure:CodeList id="CL_TIME_FORMAT" agencyID="SDMX">
<structure:Name xml:lang="en">Time Format</structure:Name>
<structure:Code value="P1Y">
<structure:Description xml:lang="en">Annual</structure:Description>
</structure:Code>
<structure:Code value="P6M">
<structure:Description xml:lang="en">Semi-annual</structure:Description>
</structure:Code>
<structure:Code value="P3M">
<structure:Description xml:lang="en">Quarterly</structure:Description>
</structure:Code>
<structure:Code value="P1M">
<structure:Description xml:lang="en">Monthly</structure:Description>
</structure:Code>
<structure:Code value="P7D">
<structure:Description xml:lang="en">Weekly</structure:Description>
</structure:Code>
<structure:Code value="P1D">
<structure:Description xml:lang="en">Daily</structure:Description>
</structure:Code>
<structure:Code value="PT1M">
<structure:Description xml:lang="en">Minutely</structure:Description>
</structure:Code>
</structure:CodeList>
<structure:CodeList id="CL_FREQ" agencyID="SDMX">
<structure:Name xml:lang="en">Frequency code list</structure:Name>
<structure:Code value="A">
<structure:Description xml:lang="en">Annual</structure:Description>
</structure:Code>
<structure:Code value="S">
<structure:Description xml:lang="en">Half-yearly, semester</structure:Description>
</structure:Code>
<structure:Code value="Q">
<structure:Description xml:lang="en">Quarterly</structure:Description>
</structure:Code>
<structure:Code value="M">
<structure:Description xml:lang="en">Monthly</structure:Description>
</structure:Code>
<structure:Code value="W">
<structure:Description xml:lang="en">Weekly</structure:Description>
</structure:Code>
<structure:Code value="B">
<structure:Description xml:lang="en">Business week</structure:Description>
</structure:Code>
<structure:Code value="D">
<structure:Description xml:lang="en">Daily</structure:Description>
</structure:Code>
<structure:Code value="H">
<structure:Description xml:lang="en">Hourly</structure:Description>
</structure:Code>
<structure:Code value="N">
<structure:Description xml:lang="en">Minutely</structure:Description>
</structure:Code>
</structure:CodeList>
<structure:CodeList id="CL_OBS_STATUS" agencyID="EUROSTAT" isFinal="false">
<structure:Name xml:lang="en">Observation status code list</structure:Name>
<structure:Code value="b">
<structure:Description xml:lang="en">Break in series</structure:Description>
<structure:Description xml:lang="de">Reihenunterbrechung</structure:Description>
<structure:Description xml:lang="fr">Rupture de série</structure:Description>
</structure:Code>
<structure:Code value="c">
<structure:Description xml:lang="en">Confidential</structure:Description>
<structure:Description xml:lang="de">Vertraulich</structure:Description>
<structure:Description xml:lang="fr">Confidentiel</structure:Description>
</structure:Code>
<structure:Code value="e">
<structure:Description xml:lang="en">Estimated value</structure:Description>
<structure:Description xml:lang="de">Geschätzter Wert</structure:Description>
<structure:Description xml:lang="fr">Valeur estimée</structure:Description>
</structure:Code>
<structure:Code value="f">
<structure:Description xml:lang="en">Forecast</structure:Description>
<structure:Description xml:lang="de">Prognose</structure:Description>
<structure:Description xml:lang="fr">Prévision</structure:Description>
</structure:Code>
<structure:Code value="i">
<structure:Description xml:lang="en">See explanatory text</structure:Description>
<structure:Description xml:lang="de">Siehe Erklärungstext</structure:Description>
<structure:Description xml:lang="fr">Voir texte explicatif</structure:Description>
</structure:Code>
<structure:Code value="n">
<structure:Description xml:lang="en">Not significant</structure:Description>
<structure:Description xml:lang="de">Unbedeutend</structure:Description>
<structure:Description xml:lang="fr">Non significatif</structure:Description>
</structure:Code>
<structure:Code value="p">
<structure:Description xml:lang="en">Provisional value</structure:Description>
<structure:Description xml:lang="de">Vorläufiger Wert</structure:Description>
<structure:Description xml:lang="fr">Valeur provisoire</structure:Description>
</structure:Code>
<structure:Code value="r">
<structure:Description xml:lang="en">Revised value</structure:Description>
<structure:Description xml:lang="de">Revidierter Wert</structure:Description>
<structure:Description xml:lang="fr">Valeur révisée</structure:Description>
</structure:Code>
<structure:Code value="s">
<structure:Description xml:lang="en">Eurostat estimate</structure:Description>
<structure:Description xml:lang="de">Schätzung Eurostat</structure:Description>
<structure:Description xml:lang="fr">Estimation Eurostat</structure:Description>
</structure:Code>
<structure:Code value="u">
<structure:Description xml:lang="en">Unreliable or uncertain data</structure:Description>
<structure:Description xml:lang="de">Unzuverlässige oder ungewiße Daten</structure:Description>
<structure:Description xml:lang="fr">Donnée peu fiable ou incertaine</structure:Description>
</structure:Code>
<structure:Code value="z">
<structure:Description xml:lang="en">Not applicable or Real zero or Zero by default</structure:Description>
<structure:Description xml:lang="de">Nicht zutreffend oder Reale Null oder Automatisch Null</structure:Description>
<structure:Description xml:lang="fr">Non applicable ou Zéro réel ou Zéro par défaut</structure:Description>
</structure:Code>
</structure:CodeList>
</CodeLists>

<Concepts>
<structure:ConceptScheme agencyID="EUROSTAT" id="CONCEPTS" isFinal="true">
<structure:Name xml:lang="en">Concepts</structure:Name>
<structure:Concept id="FREQ"><structure:Name xml:lang="en">Frequency</structure:Name>
</structure:Concept>
<structure:Concept id="prod_bal"><structure:Name xml:lang="en">Balance of agricultural production</structure:Name>
<structure:Name xml:lang="de">Bilanz der Agrarproduktion</structure:Name>
<structure:Name xml:lang="fr">Balance de la production agricole</structure:Name>
</structure:Concept>
<structure:Concept id="bal_item"><structure:Name xml:lang="en">Balance item</structure:Name>
<structure:Name xml:lang="de">Bilanzpost</structure:Name>
<structure:Name xml:lang="fr">Poste de bilan</structure:Name>
</structure:Concept>
<structure:Concept id="geo"><structure:Name xml:lang="en">Geopolitical entity (declaring)</structure:Name>
<structure:Name xml:lang="de">Geopolitische Meldeeinheit</structure:Name>
<structure:Name xml:lang="fr">Entité géopolitique (déclarante)</structure:Name>
</structure:Concept>
<structure:Concept id="TIME_PERIOD"><structure:Name xml:lang="en">Time period or range</structure:Name>
</structure:Concept>
<structure:Concept id="OBS_VALUE"><structure:Name xml:lang="en">Observation Value</structure:Name>
</structure:Concept>
<structure:Concept id="OBS_STATUS"><structure:Name xml:lang="en">Observation Status</structure:Name>
</structure:Concept>
</structure:ConceptScheme>
</Concepts>

<KeyFamilies>
<structure:KeyFamily id="apro_cpb_cerea_DSD" agencyID="EUROSTAT" isFinal="false" isExternalReference="false"><structure:Name xml:lang="en">apro_cpb_cerea_DSD</structure:Name>

<structure:Components>
<structure:Dimension conceptSchemeRef="CONCEPTS" conceptRef="FREQ" codelist="CL_FREQ" isFrequencyDimension="true"/>
<structure:Dimension conceptSchemeRef="CONCEPTS" conceptRef="prod_bal" codelist="CL_PROD_BAL" crossSectionalAttachDataSet="false" crossSectionalAttachGroup="false" crossSectionalAttachSection="true" crossSectionalAttachObservation="false"></structure:Dimension>
<structure:Dimension conceptSchemeRef="CONCEPTS" conceptRef="bal_item" codelist="CL_BAL_ITEM" crossSectionalAttachDataSet="false" crossSectionalAttachGroup="false" crossSectionalAttachSection="true" crossSectionalAttachObservation="false"></structure:Dimension>
<structure:Dimension conceptSchemeRef="CONCEPTS" conceptRef="geo" codelist="CL_GEO" crossSectionalAttachDataSet="false" crossSectionalAttachGroup="false" crossSectionalAttachSection="true" crossSectionalAttachObservation="false"></structure:Dimension>
<structure:TimeDimension conceptSchemeRef="CONCEPTS" conceptRef="TIME_PERIOD"><structure:TextFormat textType="String"></structure:TextFormat>
</structure:TimeDimension>
<structure:PrimaryMeasure conceptSchemeRef="CONCEPTS" conceptRef="OBS_VALUE">
<structure:TextFormat textType="Double"></structure:TextFormat>
</structure:PrimaryMeasure>

<structure:Attribute conceptRef="TIME_FORMAT" conceptSchemeRef="CONCEPTS" codelist="CL_TIME_FORMAT" attachmentLevel="Series" assignmentStatus="Mandatory"></structure:Attribute>
<structure:Attribute conceptSchemeRef="CONCEPTS" conceptRef="OBS_STATUS" codelist="CL_OBS_STATUS" attachmentLevel="Observation" assignmentStatus="Conditional" crossSectionalAttachDataSet="false" crossSectionalAttachGroup="false" crossSectionalAttachSection="false" crossSectionalAttachObservation="true"><structure:TextFormat textType="String"></structure:TextFormat>
</structure:Attribute>
</structure:Components>
</structure:KeyFamily>
</KeyFamilies>

</Structure>