<?xml version="1.0" encoding="UTF-8"?>
<Structure xmlns="http://www.SDMX.org/resources/SDMXML/schemas/v2_0/message" xmlns:common="http://www.SDMX.org/resources/SDMXML/schemas/v2_0/common" xmlns:compact="http://www.SDMX.org/resources/SDMXML/schemas/v2_0/compact" xmlns:cross="http://www.SDMX.org/resources/SDMXML/schemas/v2_0/cross" xmlns:generic="http://www.SDMX.org/resources/SDMXML/schemas/v2_0/generic" xmlns:query="http://www.SDMX.org/resources/SDMXML/schemas/v2_0/query" xmlns:structure="http://www.SDMX.org/resources/SDMXML/schemas/v2_0/structure" xmlns:utility="http://www.SDMX.org/resources/SDMXML/schemas/v2_0/utility" xmlns:xsi="http://www.w3.org/2001/XMLSchema-instance" xsi:schemaLocation="http://www.SDMX.org/resources/SDMXML/schemas/v2_0/message SDMXMessage.xsd">
<Header>
<ID>apri_ap_him_DSD</ID>
<Test>false</Test>
<Truncated>false</Truncated>
<Name xml:lang="en">apri_ap_him_DSD</Name>
<Prepared>2011-06-27T11:16:48</Prepared>
<Sender id="EUROSTAT">
<Name xml:lang="en">EUROSTAT</Name>
</Sender>
<Receiver id="XML">
<Name xml:lang="en">XML File</Name>
</Receiver>
</Header>

<CodeLists>
<structure:CodeList id="CL_CURRENCY" agencyID="EUROSTAT" isFinal="false">
<structure:Name xml:lang="en">Currency</structure:Name>
<structure:Name xml:lang="de">Währung</structure:Name>
<structure:Name xml:lang="fr">Monnaie</structure:Name>
<structure:Code value="EUR">
<structure:Description xml:lang="en">Euro (from 1.1.1999)/ECU (up to 31.12.1998)</structure:Description>
<structure:Description xml:lang="de">Euro (ab 1.1.1999)/Ecu (bis zum 31.12.1998)</structure:Description>
<structure:Description xml:lang="fr">Euro (à partir du 1.1.1999)/écu (jusqu'au 31.12.1998)</structure:Description>
</structure:Code>
<structure:Code value="NAC">
<structure:Description xml:lang="en">National currency (including 'euro fixed' series for euro area countries)</structure:Description>
<structure:Description xml:lang="de">Landeswährung (einschließlich der 'Eurofix'-Zeitreihen für die Länder des Euroraums)</structure:Description>
<structure:Description xml:lang="fr">Monnaie nationale (y compris les séries en 'euro fixe' pour les pays de la zone euro)</structure:Description>
</structure:Code>
</structure:CodeList>
<structure:CodeList id="CL_PROD_APR" agencyID="EUROSTAT" isFinal="false">
<structure:Name xml:lang="en">Agricultural product (old codes)</structure:Name>
<structure:Name xml:lang="de">Landwirtschaftliches Produkt (alte Kodifizierung)</structure:Name>
<structure:Name xml:lang="fr">Produit agricole (anciens codes)</structure:Name>
<structure:Code value="7523">
<structure:Description xml:lang="en">Heating gas oil - prices per 100 litres</structure:Description>
<structure:Description xml:lang="de">Destillat-Heizöl - Preise je 100 Liter</structure:Description>
<structure:Description xml:lang="fr">Fuel-oil fluide - prix par 100 litres</structure:Description>
</structure:Code>
<structure:Code value="7526">
<structure:Description xml:lang="en">Residual fuel oil (prices/100 kg) - prices per 100 kg</structure:Description>
<structure:Description xml:lang="de">Rückstands-Heizöl - Preise je 100 kg</structure:Description>
<structure:Description xml:lang="fr">Fuel-oil résiduel - prix par 100 kg</structure:Description>
</structure:Code>
<structure:Code value="7531">
<structure:Description xml:lang="en">Motor spirit - prices per 100 litres</structure:Description>
<structure:Description xml:lang="de">Motorenbenzin - Preise je 100 Liter</structure:Description>
<structure:Description xml:lang="fr">Essence moteur - prix par 100 litres</structure:Description>
</structure:Code>
<structure:Code value="7535">
<structure:Description xml:lang="en">Diesel oil - prices per 100 litres</structure:Description>
<structure:Description xml:lang="de">Dieselkraftstoff - Preise je 100 Liter</structure:Description>
<structure:Description xml:lang="fr">Gas-oil - prix par 100 litres</structure:Description>
</structure:Code>
<structure:Code value="7631">
<structure:Description xml:lang="en">Sulphate of ammonia - prices per 100 kg of nutritive substance</structure:Description>
<structure:Description xml:lang="de">Ammonsulfat - Preise je 100 kg Nährstoff</structure:Description>
<structure:Description xml:lang="fr">Sulfate d'ammonium - prix par 100 kg d'éléments fertilisants</structure:Description>
</structure:Code>
<structure:Code value="7634">
<structure:Description xml:lang="en">Ammonium nitrate (20.5 % N) - prices per 100 kg of nutritive substance</structure:Description>
<structure:Description xml:lang="de">Kalkammonsalpeter (20.5 % N) - Preise je 100 kg Nährstoff</structure:Description>
<structure:Description xml:lang="fr">Nitrate d'ammonium (20.5 % N) - prix par 100 kg d'éléments fertilisants</structure:Description>
</structure:Code>
<structure:Code value="7635">
<structure:Description xml:lang="en">Ammonium nitrate (26% N) (in sacks) - prices per 100 kg of nutritive substance</structure:Description>
<structure:Description xml:lang="de">Kalkammonsalpeter (26% N) (Sackware) - Preise je 100 kg Nährstoff</structure:Description>
<structure:Description xml:lang="fr">Nitrate d'ammonium (26% N) (en sacs) - prix par 100 kg d'éléments fertilisants</structure:Description>
</structure:Code>
<structure:Code value="7636">
<structure:Description xml:lang="en">Ammonium nitrate (26% N) (in bulk) - prices per 100 kg of nutritive substance</structure:Description>
<structure:Description xml:lang="de">Kalkammonsalpeter (26% N) (Schüttgut) - Preise je 100 kg Nährstoff</structure:Description>
<structure:Description xml:lang="fr">Nitrate d'ammonium (26% N) (en vrac) - prix par 100 kg d'éléments fertilisants</structure:Description>
</structure:Code>
<structure:Code value="7645">
<structure:Description xml:lang="en">Ammonium nitrate (33% N) (in sacks) - prices per 100 kg of nutritive substance</structure:Description>
<structure:Description xml:lang="de">Ammonsalpeter (33% N) (Sackware) - Preise je 100 kg Nährstoff</structure:Description>
<structure:Description xml:lang="fr">Nitrate d'ammonium (33% N) (en sacs) - prix par 100 kg d'éléments fertilisants</structure:Description>
</structure:Code>
<structure:Code value="7646">
<structure:Description xml:lang="en">Ammonium nitrate (33% N) (in bulk) - prices per 100 kg of nutritive substance</structure:Description>
<structure:Description xml:lang="de">Ammonsalpeter (33% N) (Schüttgut) - Preise je 100 kg Nährstoff</structure:Description>
<structure:Description xml:lang="fr">Nitrate d'ammonium (33% N) (en vrac) - prix par 100 kg d'éléments fertilisants</structure:Description>
</structure:Code>
<structure:Code value="7647">
<structure:Description xml:lang="en">Urea - prices per 100 kg of nutritive substance</structure:Description>
<structure:Description xml:lang="de">Harnstoff - Preise je 100 kg Nährstoff</structure:Description>
<structure:Description xml:lang="fr">Urée - prix par 100 kg d'éléments fertilisants</structure:Description>
</structure:Code>
<structure:Code value="7670">
<structure:Description xml:lang="en">Superphosphate (18% P205) - prices per 100 kg of nutritive substance</structure:Description>
<structure:Description xml:lang="de">Superphosphat (18% P205) - Preise je 100 kg Nährstoff</structure:Description>
<structure:Description xml:lang="fr">Superphosphate (18% P205) - prix par 100 kg d'éléments fertilisants</structure:Description>
</structure:Code>
<structure:Code value="7674">
<structure:Description xml:lang="en">Triple Superphosphate (46% P205) - prices per 100 kg of nutritive substance</structure:Description>
<structure:Description xml:lang="de">Superphosphat (46% P205) - Preise je 100 kg Nährstoff</structure:Description>
<structure:Description xml:lang="fr">Superphosphate (46% P205) - prix par 100 kg d'éléments fertilisants</structure:Description>
</structure:Code>
<structure:Code value="7681">
<structure:Description xml:lang="en">Muriate of potash - prices per 100 kg of nutritive substance</structure:Description>
<structure:Description xml:lang="de">Kaliumchlorid - Preise je 100 kg Nährstoff</structure:Description>
<structure:Description xml:lang="fr">Chlorure de potassium - prix par 100 kg d'éléments fertilisants</structure:Description>
</structure:Code>
<structure:Code value="7685">
<structure:Description xml:lang="en">Sulphate of potash - prices per 100 kg of nutritive substance</structure:Description>
<structure:Description xml:lang="de">Kaliumsulfat - Preise je 100 kg Nährstoff</structure:Description>
<structure:Description xml:lang="fr">Sulfate de potassium - prix par 100 kg d'éléments fertilisants</structure:Description>
</structure:Code>
<structure:Code value="7711">
<structure:Description xml:lang="en">Binary fertilizers: 1 - 1 - 0 - prices per 100 kg merchandise</structure:Description>
<structure:Description xml:lang="de">Zweinährstoffdünger: 1 - 1 - 0 - Preise je 100 kg Ware</structure:Description>
<structure:Description xml:lang="fr">Engrais binaires : 1 - 1 - 0  - prix par 100 kg de marchandise</structure:Description>
</structure:Code>
<structure:Code value="7721">
<structure:Description xml:lang="en">Binary fertilizers: 0 - 1 - 1 - prices per 100 kg merchandise</structure:Description>
<structure:Description xml:lang="de">Zweinährstoffdünger: 0 - 1 - 1 - Preise je 100 kg Ware</structure:Description>
<structure:Description xml:lang="fr">Engrais binaires : 0 - 1 - 1 - prix par 100 kg de marchandise</structure:Description>
</structure:Code>
<structure:Code value="7725">
<structure:Description xml:lang="en">Binary fertilizers: 0 - 20 - 20 - prices per 100 kg merchandise</structure:Description>
<structure:Description xml:lang="de">Zweinährstoffdünger: 0 - 20 - 20 - Preise je 100 kg Ware</structure:Description>
<structure:Description xml:lang="fr">Engrais binaires : 0 - 20 - 20 - prix par 100 kg de marchandise</structure:Description>
</structure:Code>
<structure:Code value="7750">
<structure:Description xml:lang="en">Ternary fertilizers: 1 - 0;5 - 0;5 - prices per 100 kg merchandise</structure:Description>
<structure:Description xml:lang="de">Dreinährstoffdünger: 1 - 0;5 - 0;5 - Preise je 100 kg Ware</structure:Description>
<structure:Description xml:lang="fr">Engrais ternaires : 1 - 0;5 - 0;5 - prix par 100 kg de marchandise</structure:Description>
</structure:Code>
<structure:Code value="7755">
<structure:Description xml:lang="en">Ternary fertilizers: 20 - 10 - 10 - prices per 100 kg merchandise</structure:Description>
<structure:Description xml:lang="de">Dreinährstoffdünger: 20 - 10 - 10 - Preise je 100 kg Ware</structure:Description>
<structure:Description xml:lang="fr">Engrais ternaires : 20 - 10 - 10 - prix par 100 kg de marchandise</structure:Description>
</structure:Code>
<structure:Code value="7758">
<structure:Description xml:lang="en">Ternary fertilizers: 1 - 1 - 1 (in sacks) - prices per 100 kg merchandise</structure:Description>
<structure:Description xml:lang="de">Dreinährstoffdünger: 1 - 1 - 1 (Sackware) - Preise je 100 kg Ware</structure:Description>
<structure:Description xml:lang="fr">Engrais ternaires : 1 - 1 - 1 (en sacs) - prix par 100 kg de marchandise</structure:Description>
</structure:Code>
<structure:Code value="7759">
<structure:Description xml:lang="en">Ternary Fertilizers: 17 - 17 - 17 (in sacks) - prices per 100 kg merchandise</structure:Description>
<structure:Description xml:lang="de">Dreinährstoffdünger: 17 - 17 - 17 (Sackware) - Preise je 100 kg Ware</structure:Description>
<structure:Description xml:lang="fr">Engrais ternaires : 17 - 17 - 17 (en sacs) - prix par 100 kg de marchandise</structure:Description>
</structure:Code>
<structure:Code value="7766">
<structure:Description xml:lang="en">Ternary fertilizers: 1 - 1 - 1 (in bulk) - prices per 100 kg merchandise</structure:Description>
<structure:Description xml:lang="de">Dreinährstoffdünger: 1 - 1 - 1 (Schüttgut) - Preise je 100 kg Ware</structure:Description>
<structure:Description xml:lang="fr">Engrais ternaires : 1 - 1 - 1 (en vrac) - prix par 100 kg de marchandise</structure:Description>
</structure:Code>
<structure:Code value="7767">
<structure:Description xml:lang="en">Ternary Fertilizers : 17 - 17 - 17 (in bulk) - prices per 100 kg merchandise</structure:Description>
<structure:Description xml:lang="de">Dreinährstoffdünger : 17 - 17 - 17 (Schüttgut) - Preise je 100 kg Ware</structure:Description>
<structure:Description xml:lang="fr">Engrais Ternaires : 17 - 17 - 17 (en vrac) - prix par 100 kg de marchandise)</structure:Description>
</structure:Code>
<structure:Code value="7770">
<structure:Description xml:lang="en">Ternary Fertilizers : 26 - 2 - 3 - prices per 100 kg merchandise</structure:Description>
<structure:Description xml:lang="de">Dreinährstoffdünger : 26 - 2 - 3 - Preise je 100 kg Ware</structure:Description>
<structure:Description xml:lang="fr">Engrais ternaires : 26 - 2 - 3 - prix par 100 kg de marchandise</structure:Description>
</structure:Code>
<structure:Code value="7771">
<structure:Description xml:lang="en">Ternary Fertilizers : 20 - 4 - 8 - prices per 100 kg merchandise</structure:Description>
<structure:Description xml:lang="de">Dreinährstoffdünger : 20 - 4 - 8 - Preise je 100 kg Ware</structure:Description>
<structure:Description xml:lang="fr">Engrais ternaires : 20 - 4 - 8 - prix par 100 kg de marchandise</structure:Description>
</structure:Code>
<structure:Code value="7772">
<structure:Description xml:lang="en">Ternary Fertilizers : 18 - 5 - 10 - prices per 100 kg merchandise</structure:Description>
<structure:Description xml:lang="de">Dreinährstoffdünger : 18 - 5 - 10 - Preise je 100 kg Ware</structure:Description>
<structure:Description xml:lang="fr">Engrais ternaires : 18 - 5 - 10 - prix par 100 kg de marchandise</structure:Description>
</structure:Code>
<structure:Code value="7773">
<structure:Description xml:lang="en">Ternary Fertilizers : 23 - 5 - 10 - prices per 100 kg merchandise</structure:Description>
<structure:Description xml:lang="de">Dreinährstoffdünger : 23 - 5 - 10 - Preise je 100 kg Ware</structure:Description>
<structure:Description xml:lang="fr">Engrais ternaires : 23 - 5 - 10 - prix par 100 kg de marchandise</structure:Description>
</structure:Code>
<structure:Code value="7774">
<structure:Description xml:lang="en">Ternary Fertilizers : 18 - 3 - 12 - prices per 100 kg merchandise</structure:Description>
<structure:Description xml:lang="de">Dreinährstoffdünger : 18 - 3 - 12 - Preise je 100 kg Ware</structure:Description>
<structure:Description xml:lang="fr">Engrais ternaires : 18 - 3 - 12 - prix par 100 kg de marchandise</structure:Description>
</structure:Code>
<structure:Code value="7775">
<structure:Description xml:lang="en">Ternary Fertilizers : 12 - 6 - 17 - prices per 100 kg merchandise</structure:Description>
<structure:Description xml:lang="de">Dreinährstoffdünger : 12 - 6 - 17 - Preise je 100 kg Ware</structure:Description>
<structure:Description xml:lang="fr">Engrais ternaires : 12 - 6 - 17 - prix par 100 kg de marchandise</structure:Description>
</structure:Code>
<structure:Code value="7776">
<structure:Description xml:lang="en">Ternary Fertilizers : 14 - 9 - 10 - prices per 100 kg merchandise</structure:Description>
<structure:Description xml:lang="de">Dreinährstoffdünger : 14 - 9 - 10 - Preise je 100 kg Ware</structure:Description>
<structure:Description xml:lang="fr">Engrais ternaires : 14 - 9 - 10 - prix par 100 kg de marchandise</structure:Description>
</structure:Code>
<structure:Code value="7780">
<structure:Description xml:lang="en">Ternary fertilizers: 1 - 1 - 2 - prices per 100 kg merchandise</structure:Description>
<structure:Description xml:lang="de">Dreinährstoffdünger: 1 - 1 - 2 - Preise je 100 kg Ware</structure:Description>
<structure:Description xml:lang="fr">Engrais ternaires : 1 - 1 - 2 - prix par 100 kg de marchandise</structure:Description>
</structure:Code>
<structure:Code value="7785">
<structure:Description xml:lang="en">Ternary fertilizers: 9 - 9 - 18 - prices per 100 kg merchandise</structure:Description>
<structure:Description xml:lang="de">Dreinährstoffdünger: 9 - 9 - 18 - Preise je 100 kg Ware</structure:Description>
<structure:Description xml:lang="fr">Engrais ternaires : 9 - 9 - 18 - prix par 100 kg de marchandise</structure:Description>
</structure:Code>
<structure:Code value="7790">
<structure:Description xml:lang="en">Ternary fertilizers: 1 - 2 - 2 - prices per 100 kg merchandise</structure:Description>
<structure:Description xml:lang="de">Dreinährstoffdünger: 1 - 2 - 2 - Preise je 100 kg Ware</structure:Description>
<structure:Description xml:lang="fr">Engrais ternaires : 1 - 2 - 2 - prix par 100 kg de marchandise</structure:Description>
</structure:Code>
<structure:Code value="7795">
<structure:Description xml:lang="en">Ternary fertilizers: 10 - 20 - 20 - prices per 100 kg merchandise</structure:Description>
<structure:Description xml:lang="de">Dreinährstoffdünger: 10 - 20 - 20 - Preise je 100 kg Ware</structure:Description>
<structure:Description xml:lang="fr">Engrais ternaires : 10 - 20 - 20 - prix par 100 kg de marchandise</structure:Description>
</structure:Code>
<structure:Code value="8041">
<structure:Description xml:lang="en">Feedingstuffs: fodder wheat - prices per 100 kg</structure:Description>
<structure:Description xml:lang="de">Futtermittel: Futterweizen - Preise je 100 kg</structure:Description>
<structure:Description xml:lang="fr">Aliments : blé fourrager - prix par 100 kg</structure:Description>
</structure:Code>
<structure:Code value="8043">
<structure:Description xml:lang="en">Feedingstuffs: barley - prices per 100 kg</structure:Description>
<structure:Description xml:lang="de">Futtermittel: Gerste - Preise je 100 kg</structure:Description>
<structure:Description xml:lang="fr">Aliments : orge - prix par 100 kg</structure:Description>
</structure:Code>
<structure:Code value="8044">
<structure:Description xml:lang="en">Feedingstuffs: oats - prices per 100 kg</structure:Description>
<structure:Description xml:lang="de">Futtermittel: Hafer - Preise je 100 kg</structure:Description>
<structure:Description xml:lang="fr">Aliments : avoine - prix par 100 kg</structure:Description>
</structure:Code>
<structure:Code value="8045">
<structure:Description xml:lang="en">Feedingstuffs: maize - prices per 100 kg</structure:Description>
<structure:Description xml:lang="de">Futtermittel: Mais - Preise je 100 kg</structure:Description>
<structure:Description xml:lang="fr">Aliments : maïs - prix par 100 kg</structure:Description>
</structure:Code>
<structure:Code value="8052">
<structure:Description xml:lang="en">Feedingstuffs: wheat bran - prices per 100 kg</structure:Description>
<structure:Description xml:lang="de">Futtermittel: Weizenkleie - Preise je 100 kg</structure:Description>
<structure:Description xml:lang="fr">Aliments : son de blé - prix par 100 kg</structure:Description>
</structure:Code>
<structure:Code value="8054">
<structure:Description xml:lang="en">Feedingstuffs: ground barley - prices per 100 kg</structure:Description>
<structure:Description xml:lang="de">Futtermittel: Gerste gemahlen - Preise je 100 kg</structure:Description>
<structure:Description xml:lang="fr">Aliments : orge moulue - prix par 100 kg</structure:Description>
</structure:Code>
<structure:Code value="8056">
<structure:Description xml:lang="en">Feedingstuffs: ground maize - prices per 100 kg</structure:Description>
<structure:Description xml:lang="de">Futtermittel: Mais gemahlen - Preise je 100 kg</structure:Description>
<structure:Description xml:lang="fr">Aliments : mais moulu - prix par 100 kg</structure:Description>
</structure:Code>
<structure:Code value="8075">
<structure:Description xml:lang="en">Linseed cake (expeller) - prices per 100 kg</structure:Description>
<structure:Description xml:lang="de">Leinkuchen (gepreßt) - Preise je 100 kg</structure:Description>
<structure:Description xml:lang="fr">Tourteaux de pression de lin - prix par 100 kg</structure:Description>
</structure:Code>
<structure:Code value="8079">
<structure:Description xml:lang="en">Toasted extracted soyabean meal - prices per 100 kg</structure:Description>
<structure:Description xml:lang="de">Sojaextraktionsschrot (getoastet) - Preise je 100 kg</structure:Description>
<structure:Description xml:lang="fr">Tourteaux d'extraction de soja cuit - prix par 100 kg</structure:Description>
</structure:Code>
<structure:Code value="8120">
<structure:Description xml:lang="en">Animal meal - prices per 100 kg</structure:Description>
<structure:Description xml:lang="de">Tiermehl - Preise je 100 kg</structure:Description>
<structure:Description xml:lang="fr">Farine animale - prix par 100 kg</structure:Description>
</structure:Code>
<structure:Code value="8125">
<structure:Description xml:lang="en">Fish meal - prices per 100 kg</structure:Description>
<structure:Description xml:lang="de">Fischmehl - Preise je 100 kg</structure:Description>
<structure:Description xml:lang="fr">Farine de poisson - prix par 100 kg</structure:Description>
</structure:Code>
<structure:Code value="8140">
<structure:Description xml:lang="en">Field beans - prices per 100 kg</structure:Description>
<structure:Description xml:lang="de">Ackerbohnen - Preise je 100 kg</structure:Description>
<structure:Description xml:lang="fr">Féveroles - prix par 100 kg</structure:Description>
</structure:Code>
<structure:Code value="8141">
<structure:Description xml:lang="en">Field peas - prices per 100 kg</structure:Description>
<structure:Description xml:lang="de">Felderbsen - Preise je 100 kg</structure:Description>
<structure:Description xml:lang="fr">Pois protéagineux - prix par 100 kg</structure:Description>
</structure:Code>
<structure:Code value="8142">
<structure:Description xml:lang="en">Fodder peas - prices per 100 kg</structure:Description>
<structure:Description xml:lang="de">Futtererbsen - Preise je 100 kg</structure:Description>
<structure:Description xml:lang="fr">Pois fourragers - prix par 100 kg</structure:Description>
</structure:Code>
<structure:Code value="8153">
<structure:Description xml:lang="en">Dried sugar beet pulp - prices per 100 kg</structure:Description>
<structure:Description xml:lang="de">Diffusionsschnitzel, getrocknet - Preise je 100 kg</structure:Description>
<structure:Description xml:lang="fr">Pulpes séchées de betteraves sucrières - prix par 100 kg</structure:Description>
</structure:Code>
<structure:Code value="8171">
<structure:Description xml:lang="en">Meadow hay - prices per 100 kg</structure:Description>
<structure:Description xml:lang="de">Wiesenheu - Preise je 100 kg</structure:Description>
<structure:Description xml:lang="fr">Foin de prairie - prix par 100 kg</structure:Description>
</structure:Code>
<structure:Code value="8175">
<structure:Description xml:lang="en">Dried lucerne - prices per 100 kg</structure:Description>
<structure:Description xml:lang="de">Luzerneheu - Preise je 100 kg</structure:Description>
<structure:Description xml:lang="fr">Luzerne déshydratée - prix par 100 kg</structure:Description>
</structure:Code>
<structure:Code value="8180">
<structure:Description xml:lang="en">Cereal straw - prices per 100 kg</structure:Description>
<structure:Description xml:lang="de">Getreidestroh - Preise je 100 kg</structure:Description>
<structure:Description xml:lang="fr">Paille de céréales - prix par 100 kg</structure:Description>
</structure:Code>
<structure:Code value="8233">
<structure:Description xml:lang="en">Complementary feed for rearing calves - prices per 100 kg</structure:Description>
<structure:Description xml:lang="de">Ergänzungsfutter für die Kälberaufzucht - Preise je 100 kg</structure:Description>
<structure:Description xml:lang="fr">Complémentaire pour veaux d'élevage - prix par 100 kg</structure:Description>
</structure:Code>
<structure:Code value="8237">
<structure:Description xml:lang="en">Milk replacer for fattening calves (in sacks) - prices per 100 kg</structure:Description>
<structure:Description xml:lang="de">Milchaustauschfutter für Kälber (Sackware) - Preise je 100 kg</structure:Description>
<structure:Description xml:lang="fr">Complet d'allaitement pour veaux (en sacs) - prix par 100 kg</structure:Description>
</structure:Code>
<structure:Code value="8238">
<structure:Description xml:lang="en">Milk replacer for fattening calves (in bulk) - prices per 100 kg</structure:Description>
<structure:Description xml:lang="de">Milchaustauschfutter für Kälber (Schüttgut) - Preise je 100 kg</structure:Description>
<structure:Description xml:lang="fr">Complet d'allaitement pour veaux (en vrac) - prix par 100 kg</structure:Description>
</structure:Code>
<structure:Code value="8253">
<structure:Description xml:lang="en">Complementary feed for dairy cattle at grass - prices per 100 kg</structure:Description>
<structure:Description xml:lang="de">Ergänzungsfutter für Milchvieh bei Weidegang - Preise je 100 kg</structure:Description>
<structure:Description xml:lang="fr">Complémentaire pour vaches laitières à l'herbage - prix par 100 kg</structure:Description>
</structure:Code>
<structure:Code value="8254">
<structure:Description xml:lang="en">Complementary feed for dairy cattle (stall-fed) (in sacks) - prices per 100 kg</structure:Description>
<structure:Description xml:lang="de">Ergänzungsfutter für Milchvieh (Aufstallung) (Sackware) - Preise je 100 kg</structure:Description>
<structure:Description xml:lang="fr">Complémentaire pour vaches laitières (en stabulation) (en sacs) - prix par 100 kg</structure:Description>
</structure:Code>
<structure:Code value="8255">
<structure:Description xml:lang="en">Complementary feed for dairy cattle (stall-fed) (in bulk) - prices per 100 kg</structure:Description>
<structure:Description xml:lang="de">Ergänzungsfutter für Milchvieh (Aufstallung) (Schüttgut) - Preise je 100 kg</structure:Description>
<structure:Description xml:lang="fr">Complémentaire pour vaches laitières (en stabulation) (en vrac) - prix par 100 kg</structure:Description>
</structure:Code>
<structure:Code value="8256">
<structure:Description xml:lang="en">Protein-rich complementary feed for dairy cattle (stall-fed) (in sacks) - prices per 100 kg</structure:Description>
<structure:Description xml:lang="de">Eiweißreiches Ergänzungsfutter für Milchvieh (Aufstallung) (Sackware) - Preise je 100 kg</structure:Description>
<structure:Description xml:lang="fr">Complémentaire riche en protéines pour vaches laitières (en stabulation) (en sacs) - prix par 100 kg</structure:Description>
</structure:Code>
<structure:Code value="8257">
<structure:Description xml:lang="en">Protein-rich complementary feed for dairy cattle (stall-fed) (in bulk) - prices per 100 kg</structure:Description>
<structure:Description xml:lang="de">Eiweißreiches Ergänzungsfutter für Milchvieh (Aufstallung) (Schüttgut) - Preise je 100 kg</structure:Description>
<structure:Description xml:lang="fr">Complémentaire riche en protéines pour vaches laitières (en stabulation) (en vrac) - prix par 100 kg</structure:Description>
</structure:Code>
<structure:Code value="8263">
<structure:Description xml:lang="en">Complementary feed for cattle fattening (in sacks) - prices per 100 kg</structure:Description>
<structure:Description xml:lang="de">Ergänzungsfutter für die Rindermast (Sackware) - Preise je 100 kg</structure:Description>
<structure:Description xml:lang="fr">Complémentaire pour bovins à l'engrais (en sacs) - prix par 100 kg</structure:Description>
</structure:Code>
<structure:Code value="8264">
<structure:Description xml:lang="en">Complementary feed for cattle fattening (in bulk) - prices per 100 kg</structure:Description>
<structure:Description xml:lang="de">Ergänzungsfutter für die Rindermast (Schüttgut) - Preise je 100 kg</structure:Description>
<structure:Description xml:lang="fr">Complémentaire pour bovins à l'engrais (en vrac) - prix par 100 kg</structure:Description>
</structure:Code>
<structure:Code value="8265">
<structure:Description xml:lang="en">Protein-rich complementary feed for cattle fattening (in sacks) - prices per 100 kg</structure:Description>
<structure:Description xml:lang="de">Eiweißreiches Ergänzungsfutter für die Rindermast (Sackware) - Preise je 100 kg</structure:Description>
<structure:Description xml:lang="fr">Complémentaire riche en protéines pour bovins à l'engrais (en sacs) - prix par 100 kg</structure:Description>
</structure:Code>
<structure:Code value="8266">
<structure:Description xml:lang="en">Protein-rich complementary feed for cattle fattening (in bulk) - prices per 100 kg</structure:Description>
<structure:Description xml:lang="de">Eiweißreiches Ergänzungsfutter für die Rindermast (Schüttgut) - Preise je 100 kg</structure:Description>
<structure:Description xml:lang="fr">Complémentaire riche en protéines pour bovins à l'engrais (en sacs) - prix par 100 kg</structure:Description>
</structure:Code>
<structure:Code value="8288">
<structure:Description xml:lang="en">Complete feed for rearing pigs (in sacks) - prices per 100 kg</structure:Description>
<structure:Description xml:lang="de">Alleinfutter für die Ferkelaufzucht (Sackware) - Preise je 100 kg</structure:Description>
<structure:Description xml:lang="fr">Complet pour porcelets d'élevage (en sacs) - prix par 100 kg</structure:Description>
</structure:Code>
<structure:Code value="8289">
<structure:Description xml:lang="en">Complete feed for rearing pigs (in bulk) - prices per 100 kg</structure:Description>
<structure:Description xml:lang="de">Alleinfutter für die Ferkelaufzucht (Schüttgut) - Preise je 100 kg</structure:Description>
<structure:Description xml:lang="fr">Complet pour porcelets d'élevage (en vrac) - prix par 100 kg</structure:Description>
</structure:Code>
<structure:Code value="8292">
<structure:Description xml:lang="en">Complete feed for sows (in sacks) - prices per 100 kg</structure:Description>
<structure:Description xml:lang="de">Alleinfutter für Zuchtsauen (Sackware) - Preise je 100 kg</structure:Description>
<structure:Description xml:lang="fr">Complet pour truies (en sacs) - prix par 100 kg</structure:Description>
</structure:Code>
<structure:Code value="8293">
<structure:Description xml:lang="en">Complete feed for sows (in bulk) - prices per 100 kg</structure:Description>
<structure:Description xml:lang="de">Alleinfutter für Zuchtsauen (Schüttgut) - Preise je 100 kg</structure:Description>
<structure:Description xml:lang="fr">Complet pour truies (en vrac) - prix par 100 kg</structure:Description>
</structure:Code>
<structure:Code value="8296">
<structure:Description xml:lang="en">Complete feed for fattening pigs (in sacks) - prices per 100 kg</structure:Description>
<structure:Description xml:lang="de">Alleinfutter für die Schweinemast (Sackware) - Preise je 100 kg</structure:Description>
<structure:Description xml:lang="fr">Complet pour porcs à l'engrais (en sacs) - prix par 100 kg</structure:Description>
</structure:Code>
<structure:Code value="8297">
<structure:Description xml:lang="en">Complete feed for fattening pigs (in bulk) - prices per 100 kg</structure:Description>
<structure:Description xml:lang="de">Alleinfutter für die Schweinemast (Schüttgut) - Preise je 100 kg</structure:Description>
<structure:Description xml:lang="fr">Complet pour porcs à l'engrais (en vrac) - prix par 100 kg</structure:Description>
</structure:Code>
<structure:Code value="8307">
<structure:Description xml:lang="en">Baby chick feed (in sacks) - prices per 100 kg</structure:Description>
<structure:Description xml:lang="de">Alleinfutter für die Kücken der ersten Tage (Sackware) - Preise je 100 kg</structure:Description>
<structure:Description xml:lang="fr">Complet pour poussins des premiers jours (en sacs) - prix par 100 kg</structure:Description>
</structure:Code>
<structure:Code value="8308">
<structure:Description xml:lang="en">Baby chick feed (in bulk) - prices per 100 kg</structure:Description>
<structure:Description xml:lang="de">Alleinfutter für die Kücken der ersten Tage (Schüttgut) - Preise je 100 kg</structure:Description>
<structure:Description xml:lang="fr">Complet pour poussins des premiers jours (en vrac) - prix par 100 kg</structure:Description>
</structure:Code>
<structure:Code value="8312">
<structure:Description xml:lang="en">Complete feed for rearing pulle (in sacks) - prices per 100 kg</structure:Description>
<structure:Description xml:lang="de">Alleinfutter für Junghennen bis zur Legereife (Sackware) - Preise je 100 kg</structure:Description>
<structure:Description xml:lang="fr">Complet pour poulettes jusqu'à la ponte (en sacs) - prix par 100 kg</structure:Description>
</structure:Code>
<structure:Code value="8313">
<structure:Description xml:lang="en">Complete feed for rearing pulle (in bulk) - prices per 100 kg</structure:Description>
<structure:Description xml:lang="de">Alleinfutter für Junghennen bis zur Legereife (Schüttgut) - Preise je 100 kg</structure:Description>
<structure:Description xml:lang="fr">Complet pour poulettes jusqu'à la ponte (en vrac) - prix par 100 kg</structure:Description>
</structure:Code>
<structure:Code value="8319">
<structure:Description xml:lang="en">Complete feed for battery laying hens (in sacks) - prices per 100 kg</structure:Description>
<structure:Description xml:lang="de">Alleinfutter für Legehennen in Batteriehaltung (Sackware) - Preise je 100 kg</structure:Description>
<structure:Description xml:lang="fr">Complet pour poules pondeuses (en batteries) (en sacs) - prix par 100 kg</structure:Description>
</structure:Code>
<structure:Code value="8320">
<structure:Description xml:lang="en">Complete feed for battery laying hens (in bulk) - prices per 100 kg</structure:Description>
<structure:Description xml:lang="de">Alleinfutter für Legehennen in Batteriehaltung (Schüttgut) - Preise je 100 kg</structure:Description>
<structure:Description xml:lang="fr">Complet pour poules pondeuses (en batteries) (en vrac) - prix par 100 kg</structure:Description>
</structure:Code>
<structure:Code value="8327">
<structure:Description xml:lang="en">Complete feed for broiler production (in sacks) - prices per 100 kg</structure:Description>
<structure:Description xml:lang="de">Alleinfutter für die Endmast von Geflügel (Sackware) - Preise je 100 kg</structure:Description>
<structure:Description xml:lang="fr">Complet pour poulets à l'engrais (en sacs) - prix par 100 kg</structure:Description>
</structure:Code>
<structure:Code value="8328">
<structure:Description xml:lang="en">Complete feed for broiler production (in bulk) - prices per 100 kg</structure:Description>
<structure:Description xml:lang="de">Alleinfutter für die Endmast von Geflügel (Schüttgut) - Preise je 100 kg</structure:Description>
<structure:Description xml:lang="fr">Complet pour poulets à l'engrais (en vrac) - prix par 100 kg</structure:Description>
</structure:Code>
</structure:CodeList>
<structure:CodeList id="CL_GEO" agencyID="EUROSTAT" isFinal="false">
<structure:Name xml:lang="en">Geopolitical entity (declaring)</structure:Name>
<structure:Name xml:lang="de">Geopolitische Meldeeinheit</structure:Name>
<structure:Name xml:lang="fr">Entité géopolitique (déclarante)</structure:Name>
<structure:Code value="BE">
<structure:Description xml:lang="en">Belgium</structure:Description>
<structure:Description xml:lang="de">Belgien</structure:Description>
<structure:Description xml:lang="fr">Belgique</structure:Description>
</structure:Code>
<structure:Code value="CZ">
<structure:Description xml:lang="en">Czech Republic</structure:Description>
<structure:Description xml:lang="de">Tschechische Republik</structure:Description>
<structure:Description xml:lang="fr">République tchèque</structure:Description>
</structure:Code>
<structure:Code value="DK">
<structure:Description xml:lang="en">Denmark</structure:Description>
<structure:Description xml:lang="de">Dänemark</structure:Description>
<structure:Description xml:lang="fr">Danemark</structure:Description>
</structure:Code>
<structure:Code value="DE">
<structure:Description xml:lang="en">Germany (including  former GDR from 1991)</structure:Description>
<structure:Description xml:lang="de">Deutschland (einschließlich der ehemaligen DDR seit 1991)</structure:Description>
<structure:Description xml:lang="fr">Allemagne (incluant l'ancienne RDA à partir de 1991)</structure:Description>
</structure:Code>
<structure:Code value="DEW">
<structure:Description xml:lang="en">Federal Republic of Germany (except former GDR)</structure:Description>
<structure:Description xml:lang="de">Bundesrepublik Deutschland (ohne die ehemalige DDR)</structure:Description>
<structure:Description xml:lang="fr">République fédérale d'Allemagne (excepté l'ancienne RDA)</structure:Description>
</structure:Code>
<structure:Code value="IE">
<structure:Description xml:lang="en">Ireland</structure:Description>
<structure:Description xml:lang="de">Irland</structure:Description>
<structure:Description xml:lang="fr">Irlande</structure:Description>
</structure:Code>
<structure:Code value="GR">
<structure:Description xml:lang="en">Greece</structure:Description>
<structure:Description xml:lang="de">Griechenland</structure:Description>
<structure:Description xml:lang="fr">Grèce</structure:Description>
</structure:Code>
<structure:Code value="ES">
<structure:Description xml:lang="en">Spain</structure:Description>
<structure:Description xml:lang="de">Spanien</structure:Description>
<structure:Description xml:lang="fr">Espagne</structure:Description>
</structure:Code>
<structure:Code value="FR">
<structure:Description xml:lang="en">France</structure:Description>
<structure:Description xml:lang="de">Frankreich</structure:Description>
<structure:Description xml:lang="fr">France</structure:Description>
</structure:Code>
<structure:Code value="IT">
<structure:Description xml:lang="en">Italy</structure:Description>
<structure:Description xml:lang="de">Italien</structure:Description>
<structure:Description xml:lang="fr">Italie</structure:Description>
</structure:Code>
<structure:Code value="LV">
<structure:Description xml:lang="en">Latvia</structure:Description>
<structure:Description xml:lang="de">Lettland</structure:Description>
<structure:Description xml:lang="fr">Lettonie</structure:Description>
</structure:Code>
<structure:Code value="LT">
<structure:Description xml:lang="en">Lithuania</structure:Description>
<structure:Description xml:lang="de">Litauen</structure:Description>
<structure:Description xml:lang="fr">Lituanie</structure:Description>
</structure:Code>
<structure:Code value="LU">
<structure:Description xml:lang="en">Luxembourg</structure:Description>
<structure:Description xml:lang="de">Luxemburg</structure:Description>
<structure:Description xml:lang="fr">Luxembourg</structure:Description>
</structure:Code>
<structure:Code value="MT">
<structure:Description xml:lang="en">Malta</structure:Description>
<structure:Description xml:lang="de">Malta</structure:Description>
<structure:Description xml:lang="fr">Malte</structure:Description>
</structure:Code>
<structure:Code value="NL">
<structure:Description xml:lang="en">Netherlands</structure:Description>
<structure:Description xml:lang="de">Niederlande</structure:Description>
<structure:Description xml:lang="fr">Pays-Bas</structure:Description>
</structure:Code>
<structure:Code value="AT">
<structure:Description xml:lang="en">Austria</structure:Description>
<structure:Description xml:lang="de">Österreich</structure:Description>
<structure:Description xml:lang="fr">Autriche</structure:Description>
</structure:Code>
<structure:Code value="PT">
<structure:Description xml:lang="en">Portugal</structure:Description>
<structure:Description xml:lang="de">Portugal</structure:Description>
<structure:Description xml:lang="fr">Portugal</structure:Description>
</structure:Code>
<structure:Code value="RO">
<structure:Description xml:lang="en">Romania</structure:Description>
<structure:Description xml:lang="de">Rumänien</structure:Description>
<structure:Description xml:lang="fr">Roumanie</structure:Description>
</structure:Code>
<structure:Code value="FI">
<structure:Description xml:lang="en">Finland</structure:Description>
<structure:Description xml:lang="de">Finnland</structure:Description>
<structure:Description xml:lang="fr">Finlande</structure:Description>
</structure:Code>
<structure:Code value="SE">
<structure:Description xml:lang="en">Sweden</structure:Description>
<structure:Description xml:lang="de">Schweden</structure:Description>
<structure:Description xml:lang="fr">Suède</structure:Description>
</structure:Code>
<structure:Code value="UK">
<structure:Description xml:lang="en">United Kingdom</structure:Description>
<structure:Description xml:lang="de">Vereinigtes Königreich</structure:Description>
<structure:Description xml:lang="fr">Royaume-Uni</structure:Description>
</structure:Code>
</structure:CodeList>
<structure:CodeList id="CL_TIME_FORMAT" agencyID="SDMX">
<structure:Name xml:lang="en">Time Format</structure:Name>
<structure:Code value="P1Y">
<structure:Description xml:lang="en">Annual</structure:Description>
</structure:Code>
<structure:Code value="P6M">
<structure:Description xml:lang="en">Semi-annual</structure:Description>
</structure:Code>
<structure:Code value="P3M">
<structure:Description xml:lang="en">Quarterly</structure:Description>
</structure:Code>
<structure:Code value="P1M">
<structure:Description xml:lang="en">Monthly</structure:Description>
</structure:Code>
<structure:Code value="P7D">
<structure:Description xml:lang="en">Weekly</structure:Description>
</structure:Code>
<structure:Code value="P1D">
<structure:Description xml:lang="en">Daily</structure:Description>
</structure:Code>
<structure:Code value="PT1M">
<structure:Description xml:lang="en">Minutely</structure:Description>
</structure:Code>
</structure:CodeList>
<structure:CodeList id="CL_FREQ" agencyID="SDMX">
<structure:Name xml:lang="en">Frequency code list</structure:Name>
<structure:Code value="A">
<structure:Description xml:lang="en">Annual</structure:Description>
</structure:Code>
<structure:Code value="S">
<structure:Description xml:lang="en">Half-yearly, semester</structure:Description>
</structure:Code>
<structure:Code value="Q">
<structure:Description xml:lang="en">Quarterly</structure:Description>
</structure:Code>
<structure:Code value="M">
<structure:Description xml:lang="en">Monthly</structure:Description>
</structure:Code>
<structure:Code value="W">
<structure:Description xml:lang="en">Weekly</structure:Description>
</structure:Code>
<structure:Code value="B">
<structure:Description xml:lang="en">Business week</structure:Description>
</structure:Code>
<structure:Code value="D">
<structure:Description xml:lang="en">Daily</structure:Description>
</structure:Code>
<structure:Code value="H">
<structure:Description xml:lang="en">Hourly</structure:Description>
</structure:Code>
<structure:Code value="N">
<structure:Description xml:lang="en">Minutely</structure:Description>
</structure:Code>
</structure:CodeList>
<structure:CodeList id="CL_OBS_STATUS" agencyID="EUROSTAT" isFinal="false">
<structure:Name xml:lang="en">Observation status code list</structure:Name>
<structure:Code value="b">
<structure:Description xml:lang="en">Break in series</structure:Description>
<structure:Description xml:lang="de">Reihenunterbrechung</structure:Description>
<structure:Description xml:lang="fr">Rupture de série</structure:Description>
</structure:Code>
<structure:Code value="c">
<structure:Description xml:lang="en">Confidential</structure:Description>
<structure:Description xml:lang="de">Vertraulich</structure:Description>
<structure:Description xml:lang="fr">Confidentiel</structure:Description>
</structure:Code>
<structure:Code value="e">
<structure:Description xml:lang="en">Estimated value</structure:Description>
<structure:Description xml:lang="de">Geschätzter Wert</structure:Description>
<structure:Description xml:lang="fr">Valeur estimée</structure:Description>
</structure:Code>
<structure:Code value="f">
<structure:Description xml:lang="en">Forecast</structure:Description>
<structure:Description xml:lang="de">Prognose</structure:Description>
<structure:Description xml:lang="fr">Prévision</structure:Description>
</structure:Code>
<structure:Code value="i">
<structure:Description xml:lang="en">See explanatory text</structure:Description>
<structure:Description xml:lang="de">Siehe Erklärungstext</structure:Description>
<structure:Description xml:lang="fr">Voir texte explicatif</structure:Description>
</structure:Code>
<structure:Code value="n">
<structure:Description xml:lang="en">Not significant</structure:Description>
<structure:Description xml:lang="de">Unbedeutend</structure:Description>
<structure:Description xml:lang="fr">Non significatif</structure:Description>
</structure:Code>
<structure:Code value="p">
<structure:Description xml:lang="en">Provisional value</structure:Description>
<structure:Description xml:lang="de">Vorläufiger Wert</structure:Description>
<structure:Description xml:lang="fr">Valeur provisoire</structure:Description>
</structure:Code>
<structure:Code value="r">
<structure:Description xml:lang="en">Revised value</structure:Description>
<structure:Description xml:lang="de">Revidierter Wert</structure:Description>
<structure:Description xml:lang="fr">Valeur révisée</structure:Description>
</structure:Code>
<structure:Code value="s">
<structure:Description xml:lang="en">Eurostat estimate</structure:Description>
<structure:Description xml:lang="de">Schätzung Eurostat</structure:Description>
<structure:Description xml:lang="fr">Estimation Eurostat</structure:Description>
</structure:Code>
<structure:Code value="u">
<structure:Description xml:lang="en">Unreliable or uncertain data</structure:Description>
<structure:Description xml:lang="de">Unzuverlässige oder ungewiße Daten</structure:Description>
<structure:Description xml:lang="fr">Donnée peu fiable ou incertaine</structure:Description>
</structure:Code>
<structure:Code value="z">
<structure:Description xml:lang="en">Not applicable or Real zero or Zero by default</structure:Description>
<structure:Description xml:lang="de">Nicht zutreffend oder Reale Null oder Automatisch Null</structure:Description>
<structure:Description xml:lang="fr">Non applicable ou Zéro réel ou Zéro par défaut</structure:Description>
</structure:Code>
</structure:CodeList>
</CodeLists>

<Concepts>
<structure:ConceptScheme agencyID="EUROSTAT" id="CONCEPTS" isFinal="true">
<structure:Name xml:lang="en">Concepts</structure:Name>
<structure:Concept id="FREQ"><structure:Name xml:lang="en">Frequency</structure:Name>
</structure:Concept>
<structure:Concept id="currency"><structure:Name xml:lang="en">Currency</structure:Name>
<structure:Name xml:lang="de">Währung</structure:Name>
<structure:Name xml:lang="fr">Monnaie</structure:Name>
</structure:Concept>
<structure:Concept id="prod_apr"><structure:Name xml:lang="en">Agricultural product (old codes)</structure:Name>
<structure:Name xml:lang="de">Landwirtschaftliches Produkt (alte Kodifizierung)</structure:Name>
<structure:Name xml:lang="fr">Produit agricole (anciens codes)</structure:Name>
</structure:Concept>
<structure:Concept id="geo"><structure:Name xml:lang="en">Geopolitical entity (declaring)</structure:Name>
<structure:Name xml:lang="de">Geopolitische Meldeeinheit</structure:Name>
<structure:Name xml:lang="fr">Entité géopolitique (déclarante)</structure:Name>
</structure:Concept>
<structure:Concept id="TIME_PERIOD"><structure:Name xml:lang="en">Time period or range</structure:Name>
</structure:Concept>
<structure:Concept id="OBS_VALUE"><structure:Name xml:lang="en">Observation Value</structure:Name>
</structure:Concept>
<structure:Concept id="OBS_STATUS"><structure:Name xml:lang="en">Observation Status</structure:Name>
</structure:Concept>
</structure:ConceptScheme>
</Concepts>

<KeyFamilies>
<structure:KeyFamily id="apri_ap_him_DSD" agencyID="EUROSTAT" isFinal="false" isExternalReference="false"><structure:Name xml:lang="en">apri_ap_him_DSD</structure:Name>

<structure:Components>
<structure:Dimension conceptSchemeRef="CONCEPTS" conceptRef="FREQ" codelist="CL_FREQ" isFrequencyDimension="true"/>
<structure:Dimension conceptSchemeRef="CONCEPTS" conceptRef="currency" codelist="CL_CURRENCY" crossSectionalAttachDataSet="false" crossSectionalAttachGroup="false" crossSectionalAttachSection="true" crossSectionalAttachObservation="false"></structure:Dimension>
<structure:Dimension conceptSchemeRef="CONCEPTS" conceptRef="prod_apr" codelist="CL_PROD_APR" crossSectionalAttachDataSet="false" crossSectionalAttachGroup="false" crossSectionalAttachSection="true" crossSectionalAttachObservation="false"></structure:Dimension>
<structure:Dimension conceptSchemeRef="CONCEPTS" conceptRef="geo" codelist="CL_GEO" crossSectionalAttachDataSet="false" crossSectionalAttachGroup="false" crossSectionalAttachSection="true" crossSectionalAttachObservation="false"></structure:Dimension>
<structure:TimeDimension conceptSchemeRef="CONCEPTS" conceptRef="TIME_PERIOD"><structure:TextFormat textType="String"></structure:TextFormat>
</structure:TimeDimension>
<structure:PrimaryMeasure conceptSchemeRef="CONCEPTS" conceptRef="OBS_VALUE">
<structure:TextFormat textType="Double"></structure:TextFormat>
</structure:PrimaryMeasure>

<structure:Attribute conceptRef="TIME_FORMAT" conceptSchemeRef="CONCEPTS" codelist="CL_TIME_FORMAT" attachmentLevel="Series" assignmentStatus="Mandatory"></structure:Attribute>
<structure:Attribute conceptSchemeRef="CONCEPTS" conceptRef="OBS_STATUS" codelist="CL_OBS_STATUS" attachmentLevel="Observation" assignmentStatus="Conditional" crossSectionalAttachDataSet="false" crossSectionalAttachGroup="false" crossSectionalAttachSection="false" crossSectionalAttachObservation="true"><structure:TextFormat textType="String"></structure:TextFormat>
</structure:Attribute>
</structure:Components>
</structure:KeyFamily>
</KeyFamilies>

</Structure>