<?xml version="1.0" encoding="UTF-8"?>
<Structure xmlns="http://www.SDMX.org/resources/SDMXML/schemas/v2_0/message" xmlns:common="http://www.SDMX.org/resources/SDMXML/schemas/v2_0/common" xmlns:compact="http://www.SDMX.org/resources/SDMXML/schemas/v2_0/compact" xmlns:cross="http://www.SDMX.org/resources/SDMXML/schemas/v2_0/cross" xmlns:generic="http://www.SDMX.org/resources/SDMXML/schemas/v2_0/generic" xmlns:query="http://www.SDMX.org/resources/SDMXML/schemas/v2_0/query" xmlns:structure="http://www.SDMX.org/resources/SDMXML/schemas/v2_0/structure" xmlns:utility="http://www.SDMX.org/resources/SDMXML/schemas/v2_0/utility" xmlns:xsi="http://www.w3.org/2001/XMLSchema-instance" xsi:schemaLocation="http://www.SDMX.org/resources/SDMXML/schemas/v2_0/message SDMXMessage.xsd">
<Header>
<ID>avia_paexcc_DSD</ID>
<Test>false</Test>
<Truncated>false</Truncated>
<Name xml:lang="en">avia_paexcc_DSD</Name>
<Prepared>2011-08-23T16:24:29</Prepared>
<Sender id="EUROSTAT">
<Name xml:lang="en">EUROSTAT</Name>
</Sender>
<Receiver id="XML">
<Name xml:lang="en">XML File</Name>
</Receiver>
</Header>

<CodeLists>
<structure:CodeList id="CL_UNIT" agencyID="EUROSTAT" isFinal="false">
<structure:Name xml:lang="en">Unit</structure:Name>
<structure:Name xml:lang="de">Einheit</structure:Name>
<structure:Name xml:lang="fr">Unité</structure:Name>
<structure:Code value="PASS">
<structure:Description xml:lang="en">Passengers</structure:Description>
<structure:Description xml:lang="de">Passagiere</structure:Description>
<structure:Description xml:lang="fr">Passagers</structure:Description>
</structure:Code>
<structure:Code value="FLIGHT">
<structure:Description xml:lang="en">Flight</structure:Description>
<structure:Description xml:lang="de">Flug</structure:Description>
<structure:Description xml:lang="fr">Vol</structure:Description>
</structure:Code>
</structure:CodeList>
<structure:CodeList id="CL_TRA_MEAS" agencyID="EUROSTAT" isFinal="false">
<structure:Name xml:lang="en">Traffic and transport measurement</structure:Name>
<structure:Name xml:lang="de">Verkehrsleistung</structure:Name>
<structure:Name xml:lang="fr">Mesures du trafic et du transport</structure:Name>
<structure:Code value="PASS_BRD">
<structure:Description xml:lang="en">Total passengers on board</structure:Description>
<structure:Description xml:lang="de">Gesamtzahl der Fluggäste an Bord</structure:Description>
<structure:Description xml:lang="fr">Total de passagers à bord</structure:Description>
</structure:Code>
<structure:Code value="PASS_BRD_ARR">
<structure:Description xml:lang="en">Passengers on board (arrivals)</structure:Description>
<structure:Description xml:lang="de">Fluggäste an Bord (Ankunft)</structure:Description>
<structure:Description xml:lang="fr">Passagers à bord (arrivées)</structure:Description>
</structure:Code>
<structure:Code value="PASS_BRD_DEP">
<structure:Description xml:lang="en">Passengers on board (departures)</structure:Description>
<structure:Description xml:lang="de">Fluggäste an Bord (Abflug)</structure:Description>
<structure:Description xml:lang="fr">Passagers à bord (départs)</structure:Description>
</structure:Code>
<structure:Code value="PASS_CRD">
<structure:Description xml:lang="en">Total passengers carried</structure:Description>
<structure:Description xml:lang="de">Beförderte Fluggäste</structure:Description>
<structure:Description xml:lang="fr">Passagers transportés</structure:Description>
</structure:Code>
<structure:Code value="PASS_CRD_ARR">
<structure:Description xml:lang="en">Passengers carried (arrival)</structure:Description>
<structure:Description xml:lang="de">Beförderte Fluggäste (Ankunft)</structure:Description>
<structure:Description xml:lang="fr">Passagers transportés (arrivées)</structure:Description>
</structure:Code>
<structure:Code value="PASS_CRD_DEP">
<structure:Description xml:lang="en">Passengers carried (departures)</structure:Description>
<structure:Description xml:lang="de">Beförderte Fluggäste (Abflug)</structure:Description>
<structure:Description xml:lang="fr">Passagers transportés (départs)</structure:Description>
</structure:Code>
<structure:Code value="PASS_CAF">
<structure:Description xml:lang="en">Total commercial passenger air flights</structure:Description>
<structure:Description xml:lang="de">Gesamtzahl der gewerblichen Passagierflüge</structure:Description>
<structure:Description xml:lang="fr">Total de vols commerciaux de passagers</structure:Description>
</structure:Code>
<structure:Code value="PASS_CAF_ARR">
<structure:Description xml:lang="en">Commercial passenger air flight (arrivals)</structure:Description>
<structure:Description xml:lang="de">Gewerbliche Passagierflüge (Ankunft)</structure:Description>
<structure:Description xml:lang="fr">Vols commerciaux de passagers (arrivées)</structure:Description>
</structure:Code>
<structure:Code value="PASS_CAF_DEP">
<structure:Description xml:lang="en">Commercial passenger air flight (departures)</structure:Description>
<structure:Description xml:lang="de">Gewerbliche Passagierflüge (Abflug)</structure:Description>
<structure:Description xml:lang="fr">Sièges passagers offerts (départs)</structure:Description>
</structure:Code>
</structure:CodeList>
<structure:CodeList id="CL_PARTNER" agencyID="EUROSTAT" isFinal="false">
<structure:Name xml:lang="en">Geopolitical entity (partner)</structure:Name>
<structure:Name xml:lang="de">Geopolitische Partnereinheit</structure:Name>
<structure:Name xml:lang="fr">Entité géopolitique (partenaire)</structure:Name>
<structure:Code value="BG">
<structure:Description xml:lang="en">Bulgaria</structure:Description>
<structure:Description xml:lang="de">Bulgarien</structure:Description>
<structure:Description xml:lang="fr">Bulgarie</structure:Description>
</structure:Code>
<structure:Code value="CZ">
<structure:Description xml:lang="en">Czech Republic</structure:Description>
<structure:Description xml:lang="de">Tschechische Republik</structure:Description>
<structure:Description xml:lang="fr">République tchèque</structure:Description>
</structure:Code>
<structure:Code value="EE">
<structure:Description xml:lang="en">Estonia</structure:Description>
<structure:Description xml:lang="de">Estland</structure:Description>
<structure:Description xml:lang="fr">Estonie</structure:Description>
</structure:Code>
<structure:Code value="CY">
<structure:Description xml:lang="en">Cyprus</structure:Description>
<structure:Description xml:lang="de">Zypern</structure:Description>
<structure:Description xml:lang="fr">Chypre</structure:Description>
</structure:Code>
<structure:Code value="LV">
<structure:Description xml:lang="en">Latvia</structure:Description>
<structure:Description xml:lang="de">Lettland</structure:Description>
<structure:Description xml:lang="fr">Lettonie</structure:Description>
</structure:Code>
<structure:Code value="LT">
<structure:Description xml:lang="en">Lithuania</structure:Description>
<structure:Description xml:lang="de">Litauen</structure:Description>
<structure:Description xml:lang="fr">Lituanie</structure:Description>
</structure:Code>
<structure:Code value="HU">
<structure:Description xml:lang="en">Hungary</structure:Description>
<structure:Description xml:lang="de">Ungarn</structure:Description>
<structure:Description xml:lang="fr">Hongrie</structure:Description>
</structure:Code>
<structure:Code value="MT">
<structure:Description xml:lang="en">Malta</structure:Description>
<structure:Description xml:lang="de">Malta</structure:Description>
<structure:Description xml:lang="fr">Malte</structure:Description>
</structure:Code>
<structure:Code value="PL">
<structure:Description xml:lang="en">Poland</structure:Description>
<structure:Description xml:lang="de">Polen</structure:Description>
<structure:Description xml:lang="fr">Pologne</structure:Description>
</structure:Code>
<structure:Code value="RO">
<structure:Description xml:lang="en">Romania</structure:Description>
<structure:Description xml:lang="de">Rumänien</structure:Description>
<structure:Description xml:lang="fr">Roumanie</structure:Description>
</structure:Code>
<structure:Code value="SI">
<structure:Description xml:lang="en">Slovenia</structure:Description>
<structure:Description xml:lang="de">Slowenien</structure:Description>
<structure:Description xml:lang="fr">Slovénie</structure:Description>
</structure:Code>
<structure:Code value="SK">
<structure:Description xml:lang="en">Slovakia</structure:Description>
<structure:Description xml:lang="de">Slowakei</structure:Description>
<structure:Description xml:lang="fr">Slovaquie</structure:Description>
</structure:Code>
<structure:Code value="IS">
<structure:Description xml:lang="en">Iceland</structure:Description>
<structure:Description xml:lang="de">Island</structure:Description>
<structure:Description xml:lang="fr">Islande</structure:Description>
</structure:Code>
<structure:Code value="NO">
<structure:Description xml:lang="en">Norway</structure:Description>
<structure:Description xml:lang="de">Norwegen</structure:Description>
<structure:Description xml:lang="fr">Norvège</structure:Description>
</structure:Code>
<structure:Code value="CH">
<structure:Description xml:lang="en">Switzerland</structure:Description>
<structure:Description xml:lang="de">Schweiz</structure:Description>
<structure:Description xml:lang="fr">Suisse</structure:Description>
</structure:Code>
<structure:Code value="ME">
<structure:Description xml:lang="en">Montenegro</structure:Description>
<structure:Description xml:lang="de">Montenegro</structure:Description>
<structure:Description xml:lang="fr">Monténégro</structure:Description>
</structure:Code>
<structure:Code value="HR">
<structure:Description xml:lang="en">Croatia</structure:Description>
<structure:Description xml:lang="de">Kroatien</structure:Description>
<structure:Description xml:lang="fr">Croatie</structure:Description>
</structure:Code>
<structure:Code value="MK">
<structure:Description xml:lang="en">Former Yugoslav Republic of Macedonia, the</structure:Description>
<structure:Description xml:lang="de">Die ehemalige jugoslawische Republik Mazedonien</structure:Description>
<structure:Description xml:lang="fr">Ancienne République yougoslave de Macédoine</structure:Description>
</structure:Code>
<structure:Code value="TR">
<structure:Description xml:lang="en">Turkey</structure:Description>
<structure:Description xml:lang="de">Türkei</structure:Description>
<structure:Description xml:lang="fr">Turquie</structure:Description>
</structure:Code>
<structure:Code value="AL">
<structure:Description xml:lang="en">Albania</structure:Description>
<structure:Description xml:lang="de">Albanien</structure:Description>
<structure:Description xml:lang="fr">Albanie</structure:Description>
</structure:Code>
<structure:Code value="BY">
<structure:Description xml:lang="en">Belarus</structure:Description>
<structure:Description xml:lang="de">Belarus</structure:Description>
<structure:Description xml:lang="fr">Bélarus</structure:Description>
</structure:Code>
<structure:Code value="BA">
<structure:Description xml:lang="en">Bosnia and Herzegovina</structure:Description>
<structure:Description xml:lang="de">Bosnien und Herzegowina</structure:Description>
<structure:Description xml:lang="fr">Bosnie-et-Herzégovine</structure:Description>
</structure:Code>
<structure:Code value="GI">
<structure:Description xml:lang="en">Gibraltar (UK)</structure:Description>
<structure:Description xml:lang="de">Gibraltar (UK)</structure:Description>
<structure:Description xml:lang="fr">Gibraltar (UK)</structure:Description>
</structure:Code>
<structure:Code value="MD">
<structure:Description xml:lang="en">Moldova</structure:Description>
<structure:Description xml:lang="de">Moldau</structure:Description>
<structure:Description xml:lang="fr">Moldavie</structure:Description>
</structure:Code>
<structure:Code value="MC">
<structure:Description xml:lang="en">Monaco</structure:Description>
<structure:Description xml:lang="de">Monaco</structure:Description>
<structure:Description xml:lang="fr">Monaco</structure:Description>
</structure:Code>
<structure:Code value="RU">
<structure:Description xml:lang="en">Russia</structure:Description>
<structure:Description xml:lang="de">Russland</structure:Description>
<structure:Description xml:lang="fr">Russie</structure:Description>
</structure:Code>
<structure:Code value="RS">
<structure:Description xml:lang="en">Serbia</structure:Description>
<structure:Description xml:lang="de">Serbien</structure:Description>
<structure:Description xml:lang="fr">Serbie</structure:Description>
</structure:Code>
<structure:Code value="UA">
<structure:Description xml:lang="en">Ukraine</structure:Description>
<structure:Description xml:lang="de">Ukraine</structure:Description>
<structure:Description xml:lang="fr">Ukraine</structure:Description>
</structure:Code>
<structure:Code value="RS_ME">
<structure:Description xml:lang="en">Former Serbia and Montenegro (before 2006) / Total components of the former Serbia and Montenegro</structure:Description>
<structure:Description xml:lang="de">Ehemaliges Serbien und Montenegro (vor 2006) / Alle Teilstaaten des ehemaligen Serbien und Montenegro</structure:Description>
<structure:Description xml:lang="fr">Anciennement Serbie et Monténégro (avant 2006) / Ensemble des pays composant anciennement la Serbie et le Monténégro</structure:Description>
</structure:Code>
<structure:Code value="EX_SU_EUR">
<structure:Description xml:lang="en">European Republics of the former Soviet Union</structure:Description>
<structure:Description xml:lang="de">Europäische Republiken der ehemaligen Sowjetunion</structure:Description>
<structure:Description xml:lang="fr">Républiques européennes de l'ancienne Union Soviétique</structure:Description>
</structure:Code>
<structure:Code value="EXT_EU">
<structure:Description xml:lang="en">Extra-EU</structure:Description>
<structure:Description xml:lang="de">Extra-EU</structure:Description>
<structure:Description xml:lang="fr">Extra-UE</structure:Description>
</structure:Code>
<structure:Code value="EUR_OTH">
<structure:Description xml:lang="en">Other european countries (aggregate changing according to the context)</structure:Description>
<structure:Description xml:lang="de">Sonstige europäische Länder (Aggregat ändert sich je nach Anwendungsbereich)</structure:Description>
<structure:Description xml:lang="fr">Autre(s) pays européen(s) (agrégat variable en fonction du contexte)</structure:Description>
</structure:Code>
<structure:Code value="AFR_C">
<structure:Description xml:lang="en">Central Africa</structure:Description>
<structure:Description xml:lang="de">Zentralafrika</structure:Description>
<structure:Description xml:lang="fr">Afrique Centrale</structure:Description>
</structure:Code>
<structure:Code value="AO">
<structure:Description xml:lang="en">Angola</structure:Description>
<structure:Description xml:lang="de">Angola</structure:Description>
<structure:Description xml:lang="fr">Angola</structure:Description>
</structure:Code>
<structure:Code value="CM">
<structure:Description xml:lang="en">Cameroon</structure:Description>
<structure:Description xml:lang="de">Kamerun</structure:Description>
<structure:Description xml:lang="fr">Cameroun</structure:Description>
</structure:Code>
<structure:Code value="CF">
<structure:Description xml:lang="en">Central African Republic</structure:Description>
<structure:Description xml:lang="de">Zentralafrikanische Republik</structure:Description>
<structure:Description xml:lang="fr">République centrafricaine</structure:Description>
</structure:Code>
<structure:Code value="TD">
<structure:Description xml:lang="en">Chad</structure:Description>
<structure:Description xml:lang="de">Tschad</structure:Description>
<structure:Description xml:lang="fr">Tchad</structure:Description>
</structure:Code>
<structure:Code value="CG">
<structure:Description xml:lang="en">Congo</structure:Description>
<structure:Description xml:lang="de">Kongo</structure:Description>
<structure:Description xml:lang="fr">Congo</structure:Description>
</structure:Code>
<structure:Code value="GQ">
<structure:Description xml:lang="en">Equatorial Guinea</structure:Description>
<structure:Description xml:lang="de">Äquatorialguinea</structure:Description>
<structure:Description xml:lang="fr">Guinée équatoriale</structure:Description>
</structure:Code>
<structure:Code value="GA">
<structure:Description xml:lang="en">Gabon</structure:Description>
<structure:Description xml:lang="de">Gabun</structure:Description>
<structure:Description xml:lang="fr">Gabon</structure:Description>
</structure:Code>
<structure:Code value="ST">
<structure:Description xml:lang="en">São Tomé and Príncipe</structure:Description>
<structure:Description xml:lang="de">São Tomé und Príncipe</structure:Description>
<structure:Description xml:lang="fr">São Tomé e Príncipe</structure:Description>
</structure:Code>
<structure:Code value="AFR_E">
<structure:Description xml:lang="en">Eastern Africa</structure:Description>
<structure:Description xml:lang="de">Ostafrika</structure:Description>
<structure:Description xml:lang="fr">Afrique orientale</structure:Description>
</structure:Code>
<structure:Code value="BI">
<structure:Description xml:lang="en">Burundi</structure:Description>
<structure:Description xml:lang="de">Burundi</structure:Description>
<structure:Description xml:lang="fr">Burundi</structure:Description>
</structure:Code>
<structure:Code value="KM">
<structure:Description xml:lang="en">Comoros</structure:Description>
<structure:Description xml:lang="de">Komoren</structure:Description>
<structure:Description xml:lang="fr">Comores</structure:Description>
</structure:Code>
<structure:Code value="DJ">
<structure:Description xml:lang="en">Djibouti</structure:Description>
<structure:Description xml:lang="de">Dschibuti</structure:Description>
<structure:Description xml:lang="fr">Djibouti</structure:Description>
</structure:Code>
<structure:Code value="ER">
<structure:Description xml:lang="en">Eritrea</structure:Description>
<structure:Description xml:lang="de">Eritrea</structure:Description>
<structure:Description xml:lang="fr">Érythrée</structure:Description>
</structure:Code>
<structure:Code value="ET">
<structure:Description xml:lang="en">Ethiopia</structure:Description>
<structure:Description xml:lang="de">Äthiopien</structure:Description>
<structure:Description xml:lang="fr">Éthiopie</structure:Description>
</structure:Code>
<structure:Code value="KE">
<structure:Description xml:lang="en">Kenya</structure:Description>
<structure:Description xml:lang="de">Kenia</structure:Description>
<structure:Description xml:lang="fr">Kenya</structure:Description>
</structure:Code>
<structure:Code value="MG">
<structure:Description xml:lang="en">Madagascar</structure:Description>
<structure:Description xml:lang="de">Madagaskar</structure:Description>
<structure:Description xml:lang="fr">Madagascar</structure:Description>
</structure:Code>
<structure:Code value="MW">
<structure:Description xml:lang="en">Malawi</structure:Description>
<structure:Description xml:lang="de">Malawi</structure:Description>
<structure:Description xml:lang="fr">Malawi</structure:Description>
</structure:Code>
<structure:Code value="MU">
<structure:Description xml:lang="en">Mauritius</structure:Description>
<structure:Description xml:lang="de">Mauritius</structure:Description>
<structure:Description xml:lang="fr">Maurice</structure:Description>
</structure:Code>
<structure:Code value="MZ">
<structure:Description xml:lang="en">Mozambique</structure:Description>
<structure:Description xml:lang="de">Mosambik</structure:Description>
<structure:Description xml:lang="fr">Mozambique</structure:Description>
</structure:Code>
<structure:Code value="RW">
<structure:Description xml:lang="en">Rwanda</structure:Description>
<structure:Description xml:lang="de">Ruanda</structure:Description>
<structure:Description xml:lang="fr">Rwanda</structure:Description>
</structure:Code>
<structure:Code value="SC">
<structure:Description xml:lang="en">Seychelles</structure:Description>
<structure:Description xml:lang="de">Seychellen</structure:Description>
<structure:Description xml:lang="fr">Seychelles</structure:Description>
</structure:Code>
<structure:Code value="SO">
<structure:Description xml:lang="en">Somalia</structure:Description>
<structure:Description xml:lang="de">Somalia</structure:Description>
<structure:Description xml:lang="fr">Somalie</structure:Description>
</structure:Code>
<structure:Code value="UG">
<structure:Description xml:lang="en">Uganda</structure:Description>
<structure:Description xml:lang="de">Uganda</structure:Description>
<structure:Description xml:lang="fr">Ouganda</structure:Description>
</structure:Code>
<structure:Code value="TZ">
<structure:Description xml:lang="en">Tanzania</structure:Description>
<structure:Description xml:lang="de">Tansania</structure:Description>
<structure:Description xml:lang="fr">Tanzanie</structure:Description>
</structure:Code>
<structure:Code value="ZM">
<structure:Description xml:lang="en">Zambia</structure:Description>
<structure:Description xml:lang="de">Sambia</structure:Description>
<structure:Description xml:lang="fr">Zambie</structure:Description>
</structure:Code>
<structure:Code value="ZW">
<structure:Description xml:lang="en">Zimbabwe</structure:Description>
<structure:Description xml:lang="de">Simbabwe</structure:Description>
<structure:Description xml:lang="fr">Zimbabwe</structure:Description>
</structure:Code>
<structure:Code value="AFR_N">
<structure:Description xml:lang="en">Northern Africa</structure:Description>
<structure:Description xml:lang="de">Nordafrika</structure:Description>
<structure:Description xml:lang="fr">Afrique septentrionale</structure:Description>
</structure:Code>
<structure:Code value="DZ">
<structure:Description xml:lang="en">Algeria</structure:Description>
<structure:Description xml:lang="de">Algerien</structure:Description>
<structure:Description xml:lang="fr">Algérie</structure:Description>
</structure:Code>
<structure:Code value="EG">
<structure:Description xml:lang="en">Egypt</structure:Description>
<structure:Description xml:lang="de">Ägypten</structure:Description>
<structure:Description xml:lang="fr">Égypte</structure:Description>
</structure:Code>
<structure:Code value="LY">
<structure:Description xml:lang="en">Libya</structure:Description>
<structure:Description xml:lang="de">Libyen</structure:Description>
<structure:Description xml:lang="fr">Libye</structure:Description>
</structure:Code>
<structure:Code value="MA">
<structure:Description xml:lang="en">Morocco</structure:Description>
<structure:Description xml:lang="de">Marokko</structure:Description>
<structure:Description xml:lang="fr">Maroc</structure:Description>
</structure:Code>
<structure:Code value="SD">
<structure:Description xml:lang="en">Sudan</structure:Description>
<structure:Description xml:lang="de">Sudan</structure:Description>
<structure:Description xml:lang="fr">Soudan</structure:Description>
</structure:Code>
<structure:Code value="TN">
<structure:Description xml:lang="en">Tunisia</structure:Description>
<structure:Description xml:lang="de">Tunesien</structure:Description>
<structure:Description xml:lang="fr">Tunisie</structure:Description>
</structure:Code>
<structure:Code value="EH">
<structure:Description xml:lang="en">Western Sahara</structure:Description>
<structure:Description xml:lang="de">Westsahara</structure:Description>
<structure:Description xml:lang="fr">Sahara occidental</structure:Description>
</structure:Code>
<structure:Code value="AFR_S">
<structure:Description xml:lang="en">Southern Africa</structure:Description>
<structure:Description xml:lang="de">Südafrika</structure:Description>
<structure:Description xml:lang="fr">Afrique australe</structure:Description>
</structure:Code>
<structure:Code value="BW">
<structure:Description xml:lang="en">Botswana</structure:Description>
<structure:Description xml:lang="de">Botsuana</structure:Description>
<structure:Description xml:lang="fr">Botswana</structure:Description>
</structure:Code>
<structure:Code value="LS">
<structure:Description xml:lang="en">Lesotho</structure:Description>
<structure:Description xml:lang="de">Lesotho</structure:Description>
<structure:Description xml:lang="fr">Lesotho</structure:Description>
</structure:Code>
<structure:Code value="NA">
<structure:Description xml:lang="en">Namibia</structure:Description>
<structure:Description xml:lang="de">Namibia</structure:Description>
<structure:Description xml:lang="fr">Namibie</structure:Description>
</structure:Code>
<structure:Code value="ZA">
<structure:Description xml:lang="en">South Africa</structure:Description>
<structure:Description xml:lang="de">Südafrika</structure:Description>
<structure:Description xml:lang="fr">Afrique du Sud</structure:Description>
</structure:Code>
<structure:Code value="SZ">
<structure:Description xml:lang="en">Swaziland</structure:Description>
<structure:Description xml:lang="de">Swasiland</structure:Description>
<structure:Description xml:lang="fr">Swaziland</structure:Description>
</structure:Code>
<structure:Code value="AFR_W">
<structure:Description xml:lang="en">Western Africa</structure:Description>
<structure:Description xml:lang="de">Westafrika</structure:Description>
<structure:Description xml:lang="fr">Afrique occidentale</structure:Description>
</structure:Code>
<structure:Code value="BJ">
<structure:Description xml:lang="en">Benin</structure:Description>
<structure:Description xml:lang="de">Benin</structure:Description>
<structure:Description xml:lang="fr">Bénin</structure:Description>
</structure:Code>
<structure:Code value="BF">
<structure:Description xml:lang="en">Burkina Faso</structure:Description>
<structure:Description xml:lang="de">Burkina Faso</structure:Description>
<structure:Description xml:lang="fr">Burkina Faso</structure:Description>
</structure:Code>
<structure:Code value="CV">
<structure:Description xml:lang="en">Cape Verde</structure:Description>
<structure:Description xml:lang="de">Kap Verde</structure:Description>
<structure:Description xml:lang="fr">Cap-Vert</structure:Description>
</structure:Code>
<structure:Code value="CI">
<structure:Description xml:lang="en">Côte d'Ivoire</structure:Description>
<structure:Description xml:lang="de">Elfenbeinküste</structure:Description>
<structure:Description xml:lang="fr">Côte d'Ivoire</structure:Description>
</structure:Code>
<structure:Code value="GM">
<structure:Description xml:lang="en">Gambia</structure:Description>
<structure:Description xml:lang="de">Gambia</structure:Description>
<structure:Description xml:lang="fr">Gambie</structure:Description>
</structure:Code>
<structure:Code value="GH">
<structure:Description xml:lang="en">Ghana</structure:Description>
<structure:Description xml:lang="de">Ghana</structure:Description>
<structure:Description xml:lang="fr">Ghana</structure:Description>
</structure:Code>
<structure:Code value="GN">
<structure:Description xml:lang="en">Guinea</structure:Description>
<structure:Description xml:lang="de">Guinea</structure:Description>
<structure:Description xml:lang="fr">Guinée</structure:Description>
</structure:Code>
<structure:Code value="GW">
<structure:Description xml:lang="en">Guinea-Bissau</structure:Description>
<structure:Description xml:lang="de">Guinea-Bissau</structure:Description>
<structure:Description xml:lang="fr">Guinée-Bissau</structure:Description>
</structure:Code>
<structure:Code value="LR">
<structure:Description xml:lang="en">Liberia</structure:Description>
<structure:Description xml:lang="de">Liberia</structure:Description>
<structure:Description xml:lang="fr">Libéria</structure:Description>
</structure:Code>
<structure:Code value="ML">
<structure:Description xml:lang="en">Mali</structure:Description>
<structure:Description xml:lang="de">Mali</structure:Description>
<structure:Description xml:lang="fr">Mali</structure:Description>
</structure:Code>
<structure:Code value="MR">
<structure:Description xml:lang="en">Mauritania</structure:Description>
<structure:Description xml:lang="de">Mauretanien</structure:Description>
<structure:Description xml:lang="fr">Mauritanie</structure:Description>
</structure:Code>
<structure:Code value="NE">
<structure:Description xml:lang="en">Niger</structure:Description>
<structure:Description xml:lang="de">Niger</structure:Description>
<structure:Description xml:lang="fr">Niger</structure:Description>
</structure:Code>
<structure:Code value="NG">
<structure:Description xml:lang="en">Nigeria</structure:Description>
<structure:Description xml:lang="de">Nigeria</structure:Description>
<structure:Description xml:lang="fr">Nigéria</structure:Description>
</structure:Code>
<structure:Code value="SH">
<structure:Description xml:lang="en">Saint Helena (UK)</structure:Description>
<structure:Description xml:lang="de">St. Helena (UK)</structure:Description>
<structure:Description xml:lang="fr">Sainte-Hélène (UK)</structure:Description>
</structure:Code>
<structure:Code value="SN">
<structure:Description xml:lang="en">Senegal</structure:Description>
<structure:Description xml:lang="de">Senegal</structure:Description>
<structure:Description xml:lang="fr">Sénégal</structure:Description>
</structure:Code>
<structure:Code value="SL">
<structure:Description xml:lang="en">Sierra Leone</structure:Description>
<structure:Description xml:lang="de">Sierra Leone</structure:Description>
<structure:Description xml:lang="fr">Sierra Leone</structure:Description>
</structure:Code>
<structure:Code value="TG">
<structure:Description xml:lang="en">Togo</structure:Description>
<structure:Description xml:lang="de">Togo</structure:Description>
<structure:Description xml:lang="fr">Togo</structure:Description>
</structure:Code>
<structure:Code value="AME_N">
<structure:Description xml:lang="en">Northern America</structure:Description>
<structure:Description xml:lang="de">Nordamerika</structure:Description>
<structure:Description xml:lang="fr">Amérique septentrionale</structure:Description>
</structure:Code>
<structure:Code value="BM">
<structure:Description xml:lang="en">Bermuda (UK)</structure:Description>
<structure:Description xml:lang="de">Bermuda (UK)</structure:Description>
<structure:Description xml:lang="fr">Bermudes (UK)</structure:Description>
</structure:Code>
<structure:Code value="CA">
<structure:Description xml:lang="en">Canada</structure:Description>
<structure:Description xml:lang="de">Kanada</structure:Description>
<structure:Description xml:lang="fr">Canada</structure:Description>
</structure:Code>
<structure:Code value="GL">
<structure:Description xml:lang="en">Greenland (DK)</structure:Description>
<structure:Description xml:lang="de">Grönland (DK)</structure:Description>
<structure:Description xml:lang="fr">Groenland (DK)</structure:Description>
</structure:Code>
<structure:Code value="US">
<structure:Description xml:lang="en">United States</structure:Description>
<structure:Description xml:lang="de">Vereinigte Staaten</structure:Description>
<structure:Description xml:lang="fr">États-Unis</structure:Description>
</structure:Code>
<structure:Code value="AME_C_CRB">
<structure:Description xml:lang="en">Central America and Caribbean</structure:Description>
<structure:Description xml:lang="de">Mittelamerika und Karibik</structure:Description>
<structure:Description xml:lang="fr">Amérique centrale et Caraïbes</structure:Description>
</structure:Code>
<structure:Code value="AI">
<structure:Description xml:lang="en">Anguilla (UK)</structure:Description>
<structure:Description xml:lang="de">Anguilla (UK)</structure:Description>
<structure:Description xml:lang="fr">Anguilla (UK)</structure:Description>
</structure:Code>
<structure:Code value="AG">
<structure:Description xml:lang="en">Antigua and Barbuda</structure:Description>
<structure:Description xml:lang="de">Antigua und Barbuda</structure:Description>
<structure:Description xml:lang="fr">Antigua-et-Barbuda</structure:Description>
</structure:Code>
<structure:Code value="AW">
<structure:Description xml:lang="en">Aruba (NL)</structure:Description>
<structure:Description xml:lang="de">Aruba (NL)</structure:Description>
<structure:Description xml:lang="fr">Aruba (NL)</structure:Description>
</structure:Code>
<structure:Code value="BS">
<structure:Description xml:lang="en">Bahamas</structure:Description>
<structure:Description xml:lang="de">Bahamas</structure:Description>
<structure:Description xml:lang="fr">Bahamas</structure:Description>
</structure:Code>
<structure:Code value="BB">
<structure:Description xml:lang="en">Barbados</structure:Description>
<structure:Description xml:lang="de">Barbados</structure:Description>
<structure:Description xml:lang="fr">Barbade</structure:Description>
</structure:Code>
<structure:Code value="VG">
<structure:Description xml:lang="en">British Virgin Islands (UK)</structure:Description>
<structure:Description xml:lang="de">Britische Jungferninseln (UK))</structure:Description>
<structure:Description xml:lang="fr">Îles Vierges britanniques (UK)</structure:Description>
</structure:Code>
<structure:Code value="KY">
<structure:Description xml:lang="en">Cayman Islands (UK)</structure:Description>
<structure:Description xml:lang="de">Kaimaninseln (UK)</structure:Description>
<structure:Description xml:lang="fr">Îles Cayman (UK)</structure:Description>
</structure:Code>
<structure:Code value="CU">
<structure:Description xml:lang="en">Cuba</structure:Description>
<structure:Description xml:lang="de">Kuba</structure:Description>
<structure:Description xml:lang="fr">Cuba</structure:Description>
</structure:Code>
<structure:Code value="DM">
<structure:Description xml:lang="en">Dominica</structure:Description>
<structure:Description xml:lang="de">Dominica</structure:Description>
<structure:Description xml:lang="fr">Dominique</structure:Description>
</structure:Code>
<structure:Code value="DO">
<structure:Description xml:lang="en">Dominican Republic</structure:Description>
<structure:Description xml:lang="de">Dominikanische Republik</structure:Description>
<structure:Description xml:lang="fr">République dominicaine</structure:Description>
</structure:Code>
<structure:Code value="GD">
<structure:Description xml:lang="en">Grenada</structure:Description>
<structure:Description xml:lang="de">Grenada</structure:Description>
<structure:Description xml:lang="fr">Grenade</structure:Description>
</structure:Code>
<structure:Code value="HT">
<structure:Description xml:lang="en">Haiti</structure:Description>
<structure:Description xml:lang="de">Haiti</structure:Description>
<structure:Description xml:lang="fr">Haïti</structure:Description>
</structure:Code>
<structure:Code value="JM">
<structure:Description xml:lang="en">Jamaica</structure:Description>
<structure:Description xml:lang="de">Jamaika</structure:Description>
<structure:Description xml:lang="fr">Jamaïque</structure:Description>
</structure:Code>
<structure:Code value="MS">
<structure:Description xml:lang="en">Montserrat (UK)</structure:Description>
<structure:Description xml:lang="de">Montserrat (UK)</structure:Description>
<structure:Description xml:lang="fr">Montserrat (UK)</structure:Description>
</structure:Code>
<structure:Code value="AN">
<structure:Description xml:lang="en">Former Netherlands Antilles</structure:Description>
<structure:Description xml:lang="de">Ehemalige Niederländische Antillen</structure:Description>
<structure:Description xml:lang="fr">Anciennement Antilles néerlandaises</structure:Description>
</structure:Code>
<structure:Code value="PR">
<structure:Description xml:lang="en">Puerto Rico (US)</structure:Description>
<structure:Description xml:lang="de">Puerto Rico (US)</structure:Description>
<structure:Description xml:lang="fr">Porto Rico (US)</structure:Description>
</structure:Code>
<structure:Code value="KN">
<structure:Description xml:lang="en">Saint Kitts and Nevis</structure:Description>
<structure:Description xml:lang="de">St. Kitts und Nevis</structure:Description>
<structure:Description xml:lang="fr">Saint-Christophe-et-Nevis</structure:Description>
</structure:Code>
<structure:Code value="LC">
<structure:Description xml:lang="en">Saint Lucia</structure:Description>
<structure:Description xml:lang="de">St. Lucia</structure:Description>
<structure:Description xml:lang="fr">Sainte-Lucie</structure:Description>
</structure:Code>
<structure:Code value="VC">
<structure:Description xml:lang="en">Saint Vincent and the Grenadines</structure:Description>
<structure:Description xml:lang="de">St. Vincent und die Grenadinen</structure:Description>
<structure:Description xml:lang="fr">Saint-Vincent-et-les-Grenadines</structure:Description>
</structure:Code>
<structure:Code value="TT">
<structure:Description xml:lang="en">Trinidad and Tobago</structure:Description>
<structure:Description xml:lang="de">Trinidad und Tobago</structure:Description>
<structure:Description xml:lang="fr">Trinité-et-Tobago</structure:Description>
</structure:Code>
<structure:Code value="TC">
<structure:Description xml:lang="en">Turks and Caicos Islands (UK)</structure:Description>
<structure:Description xml:lang="de">Turks- und Caicosinseln (UK)</structure:Description>
<structure:Description xml:lang="fr">Îles Turks-et-Caicos (UK)</structure:Description>
</structure:Code>
<structure:Code value="VI">
<structure:Description xml:lang="en">US Virgin Islands (US)</structure:Description>
<structure:Description xml:lang="de">Amerikanische Jungferninseln (US)</structure:Description>
<structure:Description xml:lang="fr">Îles Vierges américaines (US)</structure:Description>
</structure:Code>
<structure:Code value="BZ">
<structure:Description xml:lang="en">Belize</structure:Description>
<structure:Description xml:lang="de">Belize</structure:Description>
<structure:Description xml:lang="fr">Belize</structure:Description>
</structure:Code>
<structure:Code value="CR">
<structure:Description xml:lang="en">Costa Rica</structure:Description>
<structure:Description xml:lang="de">Costa Rica</structure:Description>
<structure:Description xml:lang="fr">Costa Rica</structure:Description>
</structure:Code>
<structure:Code value="SV">
<structure:Description xml:lang="en">El Salvador</structure:Description>
<structure:Description xml:lang="de">El Salvador</structure:Description>
<structure:Description xml:lang="fr">El Salvador</structure:Description>
</structure:Code>
<structure:Code value="GT">
<structure:Description xml:lang="en">Guatemala</structure:Description>
<structure:Description xml:lang="de">Guatemala</structure:Description>
<structure:Description xml:lang="fr">Guatemala</structure:Description>
</structure:Code>
<structure:Code value="HN">
<structure:Description xml:lang="en">Honduras</structure:Description>
<structure:Description xml:lang="de">Honduras</structure:Description>
<structure:Description xml:lang="fr">Honduras</structure:Description>
</structure:Code>
<structure:Code value="MX">
<structure:Description xml:lang="en">Mexico</structure:Description>
<structure:Description xml:lang="de">Mexiko</structure:Description>
<structure:Description xml:lang="fr">Mexique</structure:Description>
</structure:Code>
<structure:Code value="NI">
<structure:Description xml:lang="en">Nicaragua</structure:Description>
<structure:Description xml:lang="de">Nicaragua</structure:Description>
<structure:Description xml:lang="fr">Nicaragua</structure:Description>
</structure:Code>
<structure:Code value="PA">
<structure:Description xml:lang="en">Panama</structure:Description>
<structure:Description xml:lang="de">Panama</structure:Description>
<structure:Description xml:lang="fr">Panama</structure:Description>
</structure:Code>
<structure:Code value="AME_S">
<structure:Description xml:lang="en">South America</structure:Description>
<structure:Description xml:lang="de">Südamerika</structure:Description>
<structure:Description xml:lang="fr">Amérique du Sud</structure:Description>
</structure:Code>
<structure:Code value="AR">
<structure:Description xml:lang="en">Argentina</structure:Description>
<structure:Description xml:lang="de">Argentinien</structure:Description>
<structure:Description xml:lang="fr">Argentine</structure:Description>
</structure:Code>
<structure:Code value="BO">
<structure:Description xml:lang="en">Bolivia</structure:Description>
<structure:Description xml:lang="de">Bolivien</structure:Description>
<structure:Description xml:lang="fr">Bolivie</structure:Description>
</structure:Code>
<structure:Code value="BR">
<structure:Description xml:lang="en">Brazil</structure:Description>
<structure:Description xml:lang="de">Brasilien</structure:Description>
<structure:Description xml:lang="fr">Brésil</structure:Description>
</structure:Code>
<structure:Code value="CL">
<structure:Description xml:lang="en">Chile</structure:Description>
<structure:Description xml:lang="de">Chile</structure:Description>
<structure:Description xml:lang="fr">Chili</structure:Description>
</structure:Code>
<structure:Code value="CO">
<structure:Description xml:lang="en">Colombia</structure:Description>
<structure:Description xml:lang="de">Kolumbien</structure:Description>
<structure:Description xml:lang="fr">Colombie</structure:Description>
</structure:Code>
<structure:Code value="EC">
<structure:Description xml:lang="en">Ecuador</structure:Description>
<structure:Description xml:lang="de">Ecuador</structure:Description>
<structure:Description xml:lang="fr">Équateur</structure:Description>
</structure:Code>
<structure:Code value="GY">
<structure:Description xml:lang="en">Guyana</structure:Description>
<structure:Description xml:lang="de">Guyana</structure:Description>
<structure:Description xml:lang="fr">Guyana</structure:Description>
</structure:Code>
<structure:Code value="PY">
<structure:Description xml:lang="en">Paraguay</structure:Description>
<structure:Description xml:lang="de">Paraguay</structure:Description>
<structure:Description xml:lang="fr">Paraguay</structure:Description>
</structure:Code>
<structure:Code value="PE">
<structure:Description xml:lang="en">Peru</structure:Description>
<structure:Description xml:lang="de">Peru</structure:Description>
<structure:Description xml:lang="fr">Pérou</structure:Description>
</structure:Code>
<structure:Code value="SR">
<structure:Description xml:lang="en">Suriname</structure:Description>
<structure:Description xml:lang="de">Suriname</structure:Description>
<structure:Description xml:lang="fr">Suriname</structure:Description>
</structure:Code>
<structure:Code value="UY">
<structure:Description xml:lang="en">Uruguay</structure:Description>
<structure:Description xml:lang="de">Uruguay</structure:Description>
<structure:Description xml:lang="fr">Uruguay</structure:Description>
</structure:Code>
<structure:Code value="VE">
<structure:Description xml:lang="en">Venezuela</structure:Description>
<structure:Description xml:lang="de">Venezuela</structure:Description>
<structure:Description xml:lang="fr">Venezuela</structure:Description>
</structure:Code>
<structure:Code value="KZ">
<structure:Description xml:lang="en">Kazakhstan</structure:Description>
<structure:Description xml:lang="de">Kasachstan</structure:Description>
<structure:Description xml:lang="fr">Kazakhstan</structure:Description>
</structure:Code>
<structure:Code value="KG">
<structure:Description xml:lang="en">Kyrgyzstan</structure:Description>
<structure:Description xml:lang="de">Kirgisistan</structure:Description>
<structure:Description xml:lang="fr">Kirghizistan</structure:Description>
</structure:Code>
<structure:Code value="TJ">
<structure:Description xml:lang="en">Tajikistan</structure:Description>
<structure:Description xml:lang="de">Tadschikistan</structure:Description>
<structure:Description xml:lang="fr">Tadjikistan</structure:Description>
</structure:Code>
<structure:Code value="TM">
<structure:Description xml:lang="en">Turkmenistan</structure:Description>
<structure:Description xml:lang="de">Turkmenistan</structure:Description>
<structure:Description xml:lang="fr">Turkménistan</structure:Description>
</structure:Code>
<structure:Code value="UZ">
<structure:Description xml:lang="en">Uzbekistan</structure:Description>
<structure:Description xml:lang="de">Usbekistan</structure:Description>
<structure:Description xml:lang="fr">Ouzbékistan</structure:Description>
</structure:Code>
<structure:Code value="ASI_E">
<structure:Description xml:lang="en">Eastern Asia</structure:Description>
<structure:Description xml:lang="de">Ostasien</structure:Description>
<structure:Description xml:lang="fr">Asie orientale</structure:Description>
</structure:Code>
<structure:Code value="CN_X_HK">
<structure:Description xml:lang="en">China (except Hong Kong)</structure:Description>
<structure:Description xml:lang="de">China (ohne Hongkong)</structure:Description>
<structure:Description xml:lang="fr">Chine (excepté Hong-Kong)</structure:Description>
</structure:Code>
<structure:Code value="HK">
<structure:Description xml:lang="en">Hong Kong</structure:Description>
<structure:Description xml:lang="de">Hongkong</structure:Description>
<structure:Description xml:lang="fr">Hong-Kong</structure:Description>
</structure:Code>
<structure:Code value="JP">
<structure:Description xml:lang="en">Japan</structure:Description>
<structure:Description xml:lang="de">Japan</structure:Description>
<structure:Description xml:lang="fr">Japon</structure:Description>
</structure:Code>
<structure:Code value="MN">
<structure:Description xml:lang="en">Mongolia</structure:Description>
<structure:Description xml:lang="de">Mongolei</structure:Description>
<structure:Description xml:lang="fr">Mongolie</structure:Description>
</structure:Code>
<structure:Code value="KP">
<structure:Description xml:lang="en">North Korea</structure:Description>
<structure:Description xml:lang="de">Nordkorea</structure:Description>
<structure:Description xml:lang="fr">Corée du Nord</structure:Description>
</structure:Code>
<structure:Code value="KR">
<structure:Description xml:lang="en">South Korea</structure:Description>
<structure:Description xml:lang="de">Südkorea</structure:Description>
<structure:Description xml:lang="fr">Corée du Sud</structure:Description>
</structure:Code>
<structure:Code value="TW">
<structure:Description xml:lang="en">Taiwan</structure:Description>
<structure:Description xml:lang="de">Taiwan</structure:Description>
<structure:Description xml:lang="fr">Taïwan</structure:Description>
</structure:Code>
<structure:Code value="ASI_S">
<structure:Description xml:lang="en">Southern Asia</structure:Description>
<structure:Description xml:lang="de">Südasien</structure:Description>
<structure:Description xml:lang="fr">Asie méridionale</structure:Description>
</structure:Code>
<structure:Code value="AF">
<structure:Description xml:lang="en">Afghanistan</structure:Description>
<structure:Description xml:lang="de">Afghanistan</structure:Description>
<structure:Description xml:lang="fr">Afghanistan</structure:Description>
</structure:Code>
<structure:Code value="BD">
<structure:Description xml:lang="en">Bangladesh</structure:Description>
<structure:Description xml:lang="de">Bangladesch</structure:Description>
<structure:Description xml:lang="fr">Bangladesh</structure:Description>
</structure:Code>
<structure:Code value="IN">
<structure:Description xml:lang="en">India</structure:Description>
<structure:Description xml:lang="de">Indien</structure:Description>
<structure:Description xml:lang="fr">Inde</structure:Description>
</structure:Code>
<structure:Code value="IR">
<structure:Description xml:lang="en">Iran</structure:Description>
<structure:Description xml:lang="de">Iran</structure:Description>
<structure:Description xml:lang="fr">Iran</structure:Description>
</structure:Code>
<structure:Code value="MV">
<structure:Description xml:lang="en">Maldives</structure:Description>
<structure:Description xml:lang="de">Malediven</structure:Description>
<structure:Description xml:lang="fr">Maldives</structure:Description>
</structure:Code>
<structure:Code value="NP">
<structure:Description xml:lang="en">Nepal</structure:Description>
<structure:Description xml:lang="de">Nepal</structure:Description>
<structure:Description xml:lang="fr">Népal</structure:Description>
</structure:Code>
<structure:Code value="PK">
<structure:Description xml:lang="en">Pakistan</structure:Description>
<structure:Description xml:lang="de">Pakistan</structure:Description>
<structure:Description xml:lang="fr">Pakistan</structure:Description>
</structure:Code>
<structure:Code value="LK">
<structure:Description xml:lang="en">Sri Lanka</structure:Description>
<structure:Description xml:lang="de">Sri Lanka</structure:Description>
<structure:Description xml:lang="fr">Sri Lanka</structure:Description>
</structure:Code>
<structure:Code value="BN">
<structure:Description xml:lang="en">Brunei Darussalam</structure:Description>
<structure:Description xml:lang="de">Brunei Darussalam</structure:Description>
<structure:Description xml:lang="fr">Brunéi Darussalam</structure:Description>
</structure:Code>
<structure:Code value="KH">
<structure:Description xml:lang="en">Cambodia</structure:Description>
<structure:Description xml:lang="de">Kambodscha</structure:Description>
<structure:Description xml:lang="fr">Cambodge</structure:Description>
</structure:Code>
<structure:Code value="ID">
<structure:Description xml:lang="en">Indonesia</structure:Description>
<structure:Description xml:lang="de">Indonesien</structure:Description>
<structure:Description xml:lang="fr">Indonésie</structure:Description>
</structure:Code>
<structure:Code value="LA">
<structure:Description xml:lang="en">Laos</structure:Description>
<structure:Description xml:lang="de">Laos</structure:Description>
<structure:Description xml:lang="fr">Laos</structure:Description>
</structure:Code>
<structure:Code value="MY">
<structure:Description xml:lang="en">Malaysia</structure:Description>
<structure:Description xml:lang="de">Malaysia</structure:Description>
<structure:Description xml:lang="fr">Malaisie</structure:Description>
</structure:Code>
<structure:Code value="MM">
<structure:Description xml:lang="en">Myanmar</structure:Description>
<structure:Description xml:lang="de">Myanmar</structure:Description>
<structure:Description xml:lang="fr">Myanmar</structure:Description>
</structure:Code>
<structure:Code value="PH">
<structure:Description xml:lang="en">Philippines</structure:Description>
<structure:Description xml:lang="de">Philippinen</structure:Description>
<structure:Description xml:lang="fr">Philippines</structure:Description>
</structure:Code>
<structure:Code value="SG">
<structure:Description xml:lang="en">Singapore</structure:Description>
<structure:Description xml:lang="de">Singapur</structure:Description>
<structure:Description xml:lang="fr">Singapour</structure:Description>
</structure:Code>
<structure:Code value="TH">
<structure:Description xml:lang="en">Thailand</structure:Description>
<structure:Description xml:lang="de">Thailand</structure:Description>
<structure:Description xml:lang="fr">Thaïlande</structure:Description>
</structure:Code>
<structure:Code value="TL">
<structure:Description xml:lang="en">East Timor</structure:Description>
<structure:Description xml:lang="de">Timor-Leste</structure:Description>
<structure:Description xml:lang="fr">Timor-Oriental</structure:Description>
</structure:Code>
<structure:Code value="VN">
<structure:Description xml:lang="en">Vietnam</structure:Description>
<structure:Description xml:lang="de">Vietnam</structure:Description>
<structure:Description xml:lang="fr">Viêt Nam</structure:Description>
</structure:Code>
<structure:Code value="ASI_W">
<structure:Description xml:lang="en">Western Asia</structure:Description>
<structure:Description xml:lang="de">Westasien</structure:Description>
<structure:Description xml:lang="fr">Asie occidentale</structure:Description>
</structure:Code>
<structure:Code value="AM">
<structure:Description xml:lang="en">Armenia</structure:Description>
<structure:Description xml:lang="de">Armenien</structure:Description>
<structure:Description xml:lang="fr">Arménie</structure:Description>
</structure:Code>
<structure:Code value="AZ">
<structure:Description xml:lang="en">Azerbaijan</structure:Description>
<structure:Description xml:lang="de">Aserbaidschan</structure:Description>
<structure:Description xml:lang="fr">Azerbaïdjan</structure:Description>
</structure:Code>
<structure:Code value="BH">
<structure:Description xml:lang="en">Bahrain</structure:Description>
<structure:Description xml:lang="de">Bahrain</structure:Description>
<structure:Description xml:lang="fr">Bahreïn</structure:Description>
</structure:Code>
<structure:Code value="GE">
<structure:Description xml:lang="en">Georgia</structure:Description>
<structure:Description xml:lang="de">Georgien</structure:Description>
<structure:Description xml:lang="fr">Géorgie</structure:Description>
</structure:Code>
<structure:Code value="IQ">
<structure:Description xml:lang="en">Iraq</structure:Description>
<structure:Description xml:lang="de">Irak</structure:Description>
<structure:Description xml:lang="fr">Iraq</structure:Description>
</structure:Code>
<structure:Code value="IL">
<structure:Description xml:lang="en">Israel</structure:Description>
<structure:Description xml:lang="de">Israel</structure:Description>
<structure:Description xml:lang="fr">Israël</structure:Description>
</structure:Code>
<structure:Code value="JO">
<structure:Description xml:lang="en">Jordan</structure:Description>
<structure:Description xml:lang="de">Jordanien</structure:Description>
<structure:Description xml:lang="fr">Jordanie</structure:Description>
</structure:Code>
<structure:Code value="KW">
<structure:Description xml:lang="en">Kuwait</structure:Description>
<structure:Description xml:lang="de">Kuwait</structure:Description>
<structure:Description xml:lang="fr">Koweït</structure:Description>
</structure:Code>
<structure:Code value="LB">
<structure:Description xml:lang="en">Lebanon</structure:Description>
<structure:Description xml:lang="de">Libanon</structure:Description>
<structure:Description xml:lang="fr">Liban</structure:Description>
</structure:Code>
<structure:Code value="PS">
<structure:Description xml:lang="en">Palestinian territory</structure:Description>
<structure:Description xml:lang="de">Palästinensisches Gebiet</structure:Description>
<structure:Description xml:lang="fr">Territoire palestinien</structure:Description>
</structure:Code>
<structure:Code value="OM">
<structure:Description xml:lang="en">Oman</structure:Description>
<structure:Description xml:lang="de">Oman</structure:Description>
<structure:Description xml:lang="fr">Oman</structure:Description>
</structure:Code>
<structure:Code value="QA">
<structure:Description xml:lang="en">Qatar</structure:Description>
<structure:Description xml:lang="de">Katar</structure:Description>
<structure:Description xml:lang="fr">Qatar</structure:Description>
</structure:Code>
<structure:Code value="SA">
<structure:Description xml:lang="en">Saudi Arabia</structure:Description>
<structure:Description xml:lang="de">Saudi-Arabien</structure:Description>
<structure:Description xml:lang="fr">Arabie Saoudite</structure:Description>
</structure:Code>
<structure:Code value="SY">
<structure:Description xml:lang="en">Syria</structure:Description>
<structure:Description xml:lang="de">Syrien</structure:Description>
<structure:Description xml:lang="fr">Syrie</structure:Description>
</structure:Code>
<structure:Code value="AE">
<structure:Description xml:lang="en">United Arab Emirates</structure:Description>
<structure:Description xml:lang="de">Vereinigte Arabische Emirate</structure:Description>
<structure:Description xml:lang="fr">Émirats arabes unis</structure:Description>
</structure:Code>
<structure:Code value="YE">
<structure:Description xml:lang="en">Yemen</structure:Description>
<structure:Description xml:lang="de">Jemen</structure:Description>
<structure:Description xml:lang="fr">Yémen</structure:Description>
</structure:Code>
<structure:Code value="ASI_NME">
<structure:Description xml:lang="en">Near and Middle East Asia (aggregate changing according to the context)</structure:Description>
<structure:Description xml:lang="de">Naher und Mittlerer Osten (Aggregat ändert sich je nach Anwendungsbereich)</structure:Description>
<structure:Description xml:lang="fr">Proche et Moyen-Orient (agrégat variable en fonction du contexte)</structure:Description>
</structure:Code>
<structure:Code value="EX_SU_ASI">
<structure:Description xml:lang="en">Asian Republics of the former Soviet Union</structure:Description>
<structure:Description xml:lang="de">Asiatische Republiken der ehemaligen Sowjetunion</structure:Description>
<structure:Description xml:lang="fr">Républiques asiatiques de l'ancienne Union Soviétique </structure:Description>
</structure:Code>
<structure:Code value="OCE_PLR">
<structure:Description xml:lang="en">Oceania and southern polar regions</structure:Description>
<structure:Description xml:lang="de">Ozeanien und Südpolargebiete</structure:Description>
<structure:Description xml:lang="fr">Océanie et régions polaires du Sud</structure:Description>
</structure:Code>
<structure:Code value="AU">
<structure:Description xml:lang="en">Australia</structure:Description>
<structure:Description xml:lang="de">Australien</structure:Description>
<structure:Description xml:lang="fr">Australie</structure:Description>
</structure:Code>
<structure:Code value="NZ">
<structure:Description xml:lang="en">New Zealand</structure:Description>
<structure:Description xml:lang="de">Neuseeland</structure:Description>
<structure:Description xml:lang="fr">Nouvelle-Zélande</structure:Description>
</structure:Code>
<structure:Code value="FJ">
<structure:Description xml:lang="en">Fiji</structure:Description>
<structure:Description xml:lang="de">Fidschi</structure:Description>
<structure:Description xml:lang="fr">Fidji</structure:Description>
</structure:Code>
<structure:Code value="NC">
<structure:Description xml:lang="en">New Caledonia (FR)</structure:Description>
<structure:Description xml:lang="de">Neukaledonien (FR)</structure:Description>
<structure:Description xml:lang="fr">Nouvelle-Calédonie (FR)</structure:Description>
</structure:Code>
<structure:Code value="PG">
<structure:Description xml:lang="en">Papua New Guinea</structure:Description>
<structure:Description xml:lang="de">Papua-Neuguinea</structure:Description>
<structure:Description xml:lang="fr">Papouasie - Nouvelle-Guinée</structure:Description>
</structure:Code>
<structure:Code value="SB">
<structure:Description xml:lang="en">Solomon Islands</structure:Description>
<structure:Description xml:lang="de">Salomonen</structure:Description>
<structure:Description xml:lang="fr">Îles Salomon</structure:Description>
</structure:Code>
<structure:Code value="VU">
<structure:Description xml:lang="en">Vanuatu</structure:Description>
<structure:Description xml:lang="de">Vanuatu</structure:Description>
<structure:Description xml:lang="fr">Vanuatu</structure:Description>
</structure:Code>
<structure:Code value="KI">
<structure:Description xml:lang="en">Kiribati</structure:Description>
<structure:Description xml:lang="de">Kiribati</structure:Description>
<structure:Description xml:lang="fr">Kiribati</structure:Description>
</structure:Code>
<structure:Code value="MH">
<structure:Description xml:lang="en">Marshall Islands</structure:Description>
<structure:Description xml:lang="de">Marshallinseln</structure:Description>
<structure:Description xml:lang="fr">Îles Marshall</structure:Description>
</structure:Code>
<structure:Code value="NR">
<structure:Description xml:lang="en">Nauru</structure:Description>
<structure:Description xml:lang="de">Nauru</structure:Description>
<structure:Description xml:lang="fr">Nauru</structure:Description>
</structure:Code>
<structure:Code value="CK">
<structure:Description xml:lang="en">Cook Islands (NZ)</structure:Description>
<structure:Description xml:lang="de">Cook Inseln (NZ)</structure:Description>
<structure:Description xml:lang="fr">Îles Cook (NZ)</structure:Description>
</structure:Code>
<structure:Code value="PF">
<structure:Description xml:lang="en">French Polynesia (FR)</structure:Description>
<structure:Description xml:lang="de">Französisch-Polynesien (FR)</structure:Description>
<structure:Description xml:lang="fr">Polynésie française (FR)</structure:Description>
</structure:Code>
<structure:Code value="WS">
<structure:Description xml:lang="en">Samoa</structure:Description>
<structure:Description xml:lang="de">Samoa</structure:Description>
<structure:Description xml:lang="fr">Samoa</structure:Description>
</structure:Code>
<structure:Code value="TO">
<structure:Description xml:lang="en">Tonga</structure:Description>
<structure:Description xml:lang="de">Tonga</structure:Description>
<structure:Description xml:lang="fr">Tonga</structure:Description>
</structure:Code>
<structure:Code value="UNK">
<structure:Description xml:lang="en">Unknown</structure:Description>
<structure:Description xml:lang="de">Unbekannt</structure:Description>
<structure:Description xml:lang="fr">Inconnu(s)</structure:Description>
</structure:Code>
</structure:CodeList>
<structure:CodeList id="CL_GEO" agencyID="EUROSTAT" isFinal="false">
<structure:Name xml:lang="en">Geopolitical entity (declaring)</structure:Name>
<structure:Name xml:lang="de">Geopolitische Meldeeinheit</structure:Name>
<structure:Name xml:lang="fr">Entité géopolitique (déclarante)</structure:Name>
<structure:Code value="EU27">
<structure:Description xml:lang="en">European Union (27 countries)</structure:Description>
<structure:Description xml:lang="de">Europäische Union (27 Länder)</structure:Description>
<structure:Description xml:lang="fr">Union européenne (27 pays)</structure:Description>
</structure:Code>
<structure:Code value="EU25">
<structure:Description xml:lang="en">European Union (25 countries)</structure:Description>
<structure:Description xml:lang="de">Europäische Union (25 Länder)</structure:Description>
<structure:Description xml:lang="fr">Union européenne (25 pays)</structure:Description>
</structure:Code>
<structure:Code value="EU15">
<structure:Description xml:lang="en">European Union (15 countries)</structure:Description>
<structure:Description xml:lang="de">Europäische Union (15 Länder)</structure:Description>
<structure:Description xml:lang="fr">Union européenne (15 pays)</structure:Description>
</structure:Code>
<structure:Code value="EA">
<structure:Description xml:lang="en">Euro area (EA11-2000, EA12-2006, EA13-2007, EA15-2008, EA16-2010, EA17)</structure:Description>
<structure:Description xml:lang="de">Euroraum (EA11-2000, EA12-2006, EA13-2007, EA15-2008, EA16-2010, EA17)</structure:Description>
<structure:Description xml:lang="fr">Zone euro (EA11-2000, EA12-2006, EA13-2007, EA15-2008, EA16-2010, EA17)</structure:Description>
</structure:Code>
<structure:Code value="BE">
<structure:Description xml:lang="en">Belgium</structure:Description>
<structure:Description xml:lang="de">Belgien</structure:Description>
<structure:Description xml:lang="fr">Belgique</structure:Description>
</structure:Code>
<structure:Code value="BG">
<structure:Description xml:lang="en">Bulgaria</structure:Description>
<structure:Description xml:lang="de">Bulgarien</structure:Description>
<structure:Description xml:lang="fr">Bulgarie</structure:Description>
</structure:Code>
<structure:Code value="CZ">
<structure:Description xml:lang="en">Czech Republic</structure:Description>
<structure:Description xml:lang="de">Tschechische Republik</structure:Description>
<structure:Description xml:lang="fr">République tchèque</structure:Description>
</structure:Code>
<structure:Code value="DK">
<structure:Description xml:lang="en">Denmark</structure:Description>
<structure:Description xml:lang="de">Dänemark</structure:Description>
<structure:Description xml:lang="fr">Danemark</structure:Description>
</structure:Code>
<structure:Code value="DE">
<structure:Description xml:lang="en">Germany (including  former GDR from 1991)</structure:Description>
<structure:Description xml:lang="de">Deutschland (einschließlich der ehemaligen DDR seit 1991)</structure:Description>
<structure:Description xml:lang="fr">Allemagne (incluant l'ancienne RDA à partir de 1991)</structure:Description>
</structure:Code>
<structure:Code value="EE">
<structure:Description xml:lang="en">Estonia</structure:Description>
<structure:Description xml:lang="de">Estland</structure:Description>
<structure:Description xml:lang="fr">Estonie</structure:Description>
</structure:Code>
<structure:Code value="IE">
<structure:Description xml:lang="en">Ireland</structure:Description>
<structure:Description xml:lang="de">Irland</structure:Description>
<structure:Description xml:lang="fr">Irlande</structure:Description>
</structure:Code>
<structure:Code value="GR">
<structure:Description xml:lang="en">Greece</structure:Description>
<structure:Description xml:lang="de">Griechenland</structure:Description>
<structure:Description xml:lang="fr">Grèce</structure:Description>
</structure:Code>
<structure:Code value="ES">
<structure:Description xml:lang="en">Spain</structure:Description>
<structure:Description xml:lang="de">Spanien</structure:Description>
<structure:Description xml:lang="fr">Espagne</structure:Description>
</structure:Code>
<structure:Code value="FR">
<structure:Description xml:lang="en">France</structure:Description>
<structure:Description xml:lang="de">Frankreich</structure:Description>
<structure:Description xml:lang="fr">France</structure:Description>
</structure:Code>
<structure:Code value="IT">
<structure:Description xml:lang="en">Italy</structure:Description>
<structure:Description xml:lang="de">Italien</structure:Description>
<structure:Description xml:lang="fr">Italie</structure:Description>
</structure:Code>
<structure:Code value="CY">
<structure:Description xml:lang="en">Cyprus</structure:Description>
<structure:Description xml:lang="de">Zypern</structure:Description>
<structure:Description xml:lang="fr">Chypre</structure:Description>
</structure:Code>
<structure:Code value="LV">
<structure:Description xml:lang="en">Latvia</structure:Description>
<structure:Description xml:lang="de">Lettland</structure:Description>
<structure:Description xml:lang="fr">Lettonie</structure:Description>
</structure:Code>
<structure:Code value="LT">
<structure:Description xml:lang="en">Lithuania</structure:Description>
<structure:Description xml:lang="de">Litauen</structure:Description>
<structure:Description xml:lang="fr">Lituanie</structure:Description>
</structure:Code>
<structure:Code value="LU">
<structure:Description xml:lang="en">Luxembourg</structure:Description>
<structure:Description xml:lang="de">Luxemburg</structure:Description>
<structure:Description xml:lang="fr">Luxembourg</structure:Description>
</structure:Code>
<structure:Code value="HU">
<structure:Description xml:lang="en">Hungary</structure:Description>
<structure:Description xml:lang="de">Ungarn</structure:Description>
<structure:Description xml:lang="fr">Hongrie</structure:Description>
</structure:Code>
<structure:Code value="MT">
<structure:Description xml:lang="en">Malta</structure:Description>
<structure:Description xml:lang="de">Malta</structure:Description>
<structure:Description xml:lang="fr">Malte</structure:Description>
</structure:Code>
<structure:Code value="NL">
<structure:Description xml:lang="en">Netherlands</structure:Description>
<structure:Description xml:lang="de">Niederlande</structure:Description>
<structure:Description xml:lang="fr">Pays-Bas</structure:Description>
</structure:Code>
<structure:Code value="AT">
<structure:Description xml:lang="en">Austria</structure:Description>
<structure:Description xml:lang="de">Österreich</structure:Description>
<structure:Description xml:lang="fr">Autriche</structure:Description>
</structure:Code>
<structure:Code value="PL">
<structure:Description xml:lang="en">Poland</structure:Description>
<structure:Description xml:lang="de">Polen</structure:Description>
<structure:Description xml:lang="fr">Pologne</structure:Description>
</structure:Code>
<structure:Code value="PT">
<structure:Description xml:lang="en">Portugal</structure:Description>
<structure:Description xml:lang="de">Portugal</structure:Description>
<structure:Description xml:lang="fr">Portugal</structure:Description>
</structure:Code>
<structure:Code value="RO">
<structure:Description xml:lang="en">Romania</structure:Description>
<structure:Description xml:lang="de">Rumänien</structure:Description>
<structure:Description xml:lang="fr">Roumanie</structure:Description>
</structure:Code>
<structure:Code value="SI">
<structure:Description xml:lang="en">Slovenia</structure:Description>
<structure:Description xml:lang="de">Slowenien</structure:Description>
<structure:Description xml:lang="fr">Slovénie</structure:Description>
</structure:Code>
<structure:Code value="SK">
<structure:Description xml:lang="en">Slovakia</structure:Description>
<structure:Description xml:lang="de">Slowakei</structure:Description>
<structure:Description xml:lang="fr">Slovaquie</structure:Description>
</structure:Code>
<structure:Code value="FI">
<structure:Description xml:lang="en">Finland</structure:Description>
<structure:Description xml:lang="de">Finnland</structure:Description>
<structure:Description xml:lang="fr">Finlande</structure:Description>
</structure:Code>
<structure:Code value="SE">
<structure:Description xml:lang="en">Sweden</structure:Description>
<structure:Description xml:lang="de">Schweden</structure:Description>
<structure:Description xml:lang="fr">Suède</structure:Description>
</structure:Code>
<structure:Code value="UK">
<structure:Description xml:lang="en">United Kingdom</structure:Description>
<structure:Description xml:lang="de">Vereinigtes Königreich</structure:Description>
<structure:Description xml:lang="fr">Royaume-Uni</structure:Description>
</structure:Code>
</structure:CodeList>
<structure:CodeList id="CL_TIME_FORMAT" agencyID="SDMX">
<structure:Name xml:lang="en">Time Format</structure:Name>
<structure:Code value="P1Y">
<structure:Description xml:lang="en">Annual</structure:Description>
</structure:Code>
<structure:Code value="P6M">
<structure:Description xml:lang="en">Semi-annual</structure:Description>
</structure:Code>
<structure:Code value="P3M">
<structure:Description xml:lang="en">Quarterly</structure:Description>
</structure:Code>
<structure:Code value="P1M">
<structure:Description xml:lang="en">Monthly</structure:Description>
</structure:Code>
<structure:Code value="P7D">
<structure:Description xml:lang="en">Weekly</structure:Description>
</structure:Code>
<structure:Code value="P1D">
<structure:Description xml:lang="en">Daily</structure:Description>
</structure:Code>
<structure:Code value="PT1M">
<structure:Description xml:lang="en">Minutely</structure:Description>
</structure:Code>
</structure:CodeList>
<structure:CodeList id="CL_FREQ" agencyID="SDMX">
<structure:Name xml:lang="en">Frequency code list</structure:Name>
<structure:Code value="A">
<structure:Description xml:lang="en">Annual</structure:Description>
</structure:Code>
<structure:Code value="S">
<structure:Description xml:lang="en">Half-yearly, semester</structure:Description>
</structure:Code>
<structure:Code value="Q">
<structure:Description xml:lang="en">Quarterly</structure:Description>
</structure:Code>
<structure:Code value="M">
<structure:Description xml:lang="en">Monthly</structure:Description>
</structure:Code>
<structure:Code value="W">
<structure:Description xml:lang="en">Weekly</structure:Description>
</structure:Code>
<structure:Code value="B">
<structure:Description xml:lang="en">Business week</structure:Description>
</structure:Code>
<structure:Code value="D">
<structure:Description xml:lang="en">Daily</structure:Description>
</structure:Code>
<structure:Code value="H">
<structure:Description xml:lang="en">Hourly</structure:Description>
</structure:Code>
<structure:Code value="N">
<structure:Description xml:lang="en">Minutely</structure:Description>
</structure:Code>
</structure:CodeList>
<structure:CodeList id="CL_OBS_STATUS" agencyID="EUROSTAT" isFinal="false">
<structure:Name xml:lang="en">Observation status code list</structure:Name>
<structure:Code value="b">
<structure:Description xml:lang="en">Break in series</structure:Description>
<structure:Description xml:lang="de">Reihenunterbrechung</structure:Description>
<structure:Description xml:lang="fr">Rupture de série</structure:Description>
</structure:Code>
<structure:Code value="c">
<structure:Description xml:lang="en">Confidential</structure:Description>
<structure:Description xml:lang="de">Vertraulich</structure:Description>
<structure:Description xml:lang="fr">Confidentiel</structure:Description>
</structure:Code>
<structure:Code value="e">
<structure:Description xml:lang="en">Estimated value</structure:Description>
<structure:Description xml:lang="de">Geschätzter Wert</structure:Description>
<structure:Description xml:lang="fr">Valeur estimée</structure:Description>
</structure:Code>
<structure:Code value="f">
<structure:Description xml:lang="en">Forecast</structure:Description>
<structure:Description xml:lang="de">Prognose</structure:Description>
<structure:Description xml:lang="fr">Prévision</structure:Description>
</structure:Code>
<structure:Code value="i">
<structure:Description xml:lang="en">See explanatory text</structure:Description>
<structure:Description xml:lang="de">Siehe Erklärungstext</structure:Description>
<structure:Description xml:lang="fr">Voir texte explicatif</structure:Description>
</structure:Code>
<structure:Code value="n">
<structure:Description xml:lang="en">Not significant</structure:Description>
<structure:Description xml:lang="de">Unbedeutend</structure:Description>
<structure:Description xml:lang="fr">Non significatif</structure:Description>
</structure:Code>
<structure:Code value="p">
<structure:Description xml:lang="en">Provisional value</structure:Description>
<structure:Description xml:lang="de">Vorläufiger Wert</structure:Description>
<structure:Description xml:lang="fr">Valeur provisoire</structure:Description>
</structure:Code>
<structure:Code value="r">
<structure:Description xml:lang="en">Revised value</structure:Description>
<structure:Description xml:lang="de">Revidierter Wert</structure:Description>
<structure:Description xml:lang="fr">Valeur révisée</structure:Description>
</structure:Code>
<structure:Code value="s">
<structure:Description xml:lang="en">Eurostat estimate</structure:Description>
<structure:Description xml:lang="de">Schätzung Eurostat</structure:Description>
<structure:Description xml:lang="fr">Estimation Eurostat</structure:Description>
</structure:Code>
<structure:Code value="u">
<structure:Description xml:lang="en">Unreliable or uncertain data</structure:Description>
<structure:Description xml:lang="de">Unzuverlässige oder ungewiße Daten</structure:Description>
<structure:Description xml:lang="fr">Donnée peu fiable ou incertaine</structure:Description>
</structure:Code>
<structure:Code value="z">
<structure:Description xml:lang="en">Not applicable or Real zero or Zero by default</structure:Description>
<structure:Description xml:lang="de">Nicht zutreffend oder Reale Null oder Automatisch Null</structure:Description>
<structure:Description xml:lang="fr">Non applicable ou Zéro réel ou Zéro par défaut</structure:Description>
</structure:Code>
</structure:CodeList>
</CodeLists>

<Concepts>
<structure:ConceptScheme agencyID="EUROSTAT" id="CONCEPTS" isFinal="true">
<structure:Name xml:lang="en">Concepts</structure:Name>
<structure:Concept id="FREQ"><structure:Name xml:lang="en">Frequency</structure:Name>
</structure:Concept>
<structure:Concept id="unit"><structure:Name xml:lang="en">Unit</structure:Name>
<structure:Name xml:lang="de">Einheit</structure:Name>
<structure:Name xml:lang="fr">Unité</structure:Name>
</structure:Concept>
<structure:Concept id="tra_meas"><structure:Name xml:lang="en">Traffic and transport measurement</structure:Name>
<structure:Name xml:lang="de">Verkehrsleistung</structure:Name>
<structure:Name xml:lang="fr">Mesures du trafic et du transport</structure:Name>
</structure:Concept>
<structure:Concept id="partner"><structure:Name xml:lang="en">Geopolitical entity (partner)</structure:Name>
<structure:Name xml:lang="de">Geopolitische Partnereinheit</structure:Name>
<structure:Name xml:lang="fr">Entité géopolitique (partenaire)</structure:Name>
</structure:Concept>
<structure:Concept id="geo"><structure:Name xml:lang="en">Geopolitical entity (declaring)</structure:Name>
<structure:Name xml:lang="de">Geopolitische Meldeeinheit</structure:Name>
<structure:Name xml:lang="fr">Entité géopolitique (déclarante)</structure:Name>
</structure:Concept>
<structure:Concept id="TIME_PERIOD"><structure:Name xml:lang="en">Time period or range</structure:Name>
</structure:Concept>
<structure:Concept id="OBS_VALUE"><structure:Name xml:lang="en">Observation Value</structure:Name>
</structure:Concept>
<structure:Concept id="OBS_STATUS"><structure:Name xml:lang="en">Observation Status</structure:Name>
</structure:Concept>
</structure:ConceptScheme>
</Concepts>

<KeyFamilies>
<structure:KeyFamily id="avia_paexcc_DSD" agencyID="EUROSTAT" isFinal="false" isExternalReference="false"><structure:Name xml:lang="en">avia_paexcc_DSD</structure:Name>

<structure:Components>
<structure:Dimension conceptSchemeRef="CONCEPTS" conceptRef="FREQ" codelist="CL_FREQ" isFrequencyDimension="true"/>
<structure:Dimension conceptSchemeRef="CONCEPTS" conceptRef="unit" codelist="CL_UNIT" crossSectionalAttachDataSet="false" crossSectionalAttachGroup="false" crossSectionalAttachSection="true" crossSectionalAttachObservation="false"></structure:Dimension>
<structure:Dimension conceptSchemeRef="CONCEPTS" conceptRef="tra_meas" codelist="CL_TRA_MEAS" crossSectionalAttachDataSet="false" crossSectionalAttachGroup="false" crossSectionalAttachSection="true" crossSectionalAttachObservation="false"></structure:Dimension>
<structure:Dimension conceptSchemeRef="CONCEPTS" conceptRef="partner" codelist="CL_PARTNER" crossSectionalAttachDataSet="false" crossSectionalAttachGroup="false" crossSectionalAttachSection="true" crossSectionalAttachObservation="false"></structure:Dimension>
<structure:Dimension conceptSchemeRef="CONCEPTS" conceptRef="geo" codelist="CL_GEO" crossSectionalAttachDataSet="false" crossSectionalAttachGroup="false" crossSectionalAttachSection="true" crossSectionalAttachObservation="false"></structure:Dimension>
<structure:TimeDimension conceptSchemeRef="CONCEPTS" conceptRef="TIME_PERIOD"><structure:TextFormat textType="String"></structure:TextFormat>
</structure:TimeDimension>
<structure:PrimaryMeasure conceptSchemeRef="CONCEPTS" conceptRef="OBS_VALUE">
<structure:TextFormat textType="Double"></structure:TextFormat>
</structure:PrimaryMeasure>

<structure:Attribute conceptRef="TIME_FORMAT" conceptSchemeRef="CONCEPTS" codelist="CL_TIME_FORMAT" attachmentLevel="Series" assignmentStatus="Mandatory"></structure:Attribute>
<structure:Attribute conceptSchemeRef="CONCEPTS" conceptRef="OBS_STATUS" codelist="CL_OBS_STATUS" attachmentLevel="Observation" assignmentStatus="Conditional" crossSectionalAttachDataSet="false" crossSectionalAttachGroup="false" crossSectionalAttachSection="false" crossSectionalAttachObservation="true"><structure:TextFormat textType="String"></structure:TextFormat>
</structure:Attribute>
</structure:Components>
</structure:KeyFamily>
</KeyFamilies>

</Structure>